Date,Home Team,Home Score,Away Team,Away Score
2024-11-21,Center,37,KIPP KC Legacy,49
2024-11-22,Greenville,34,Bloomfield,39
2024-11-22,Bismarck,63,Bourbon,57
2024-11-22,Bakersfield,86,Bradleyville,30
2024-11-22,Westran,60,Brookfield,36
2024-11-22,New Franklin,54,Brunswick,40
2024-11-22,La Monte,43,Chilhowee,39
2024-11-22,Tuscumbia,39,Climax Springs,70
2024-11-22,South Callaway,44,Dadeville,61
2024-11-22,Delta,78,Delta (Deering),56
2024-11-22,Salem,50,Dixon,62
2024-11-22,Tuscumbia,63,Exeter,26
2024-11-22,Versailles,40,Fatima,71
2024-11-22,Crest Ridge,62,Green Ridge,57
2024-11-22,Novinger,50,Grundy County with Newtown-Harris,54
2024-11-22,Savannah,68,Harrisonville,51
2024-11-22,St. James,45,Hermann,41
2024-11-22,Ft. Zumwalt East,53,Holt,66
2024-11-22,Sarcoxie,88,Jamestown,60
2024-11-22,Wheaton,37,Jasper,60
2024-11-22,John Burroughs,57,Ladue Horton Watkins,72
2024-11-22,Gallatin,56,Lathrop,46
2024-11-22,Sacred Heart,62,Leeton,46
2024-11-22,Sweet Springs,32,Marshall,64
2024-11-22,Glasgow,62,Meadville,45
2024-11-22,Hollister,37,Miller,61
2024-11-22,Gloria Deo Academy,54,New Covenant Academy,62
2024-11-22,Halfway,85,Niangua,27
2024-11-22,St. Paul Lutheran (Farmington),35,North County,99
2024-11-22,Francis Howell,66,North Point,55
2024-11-22,University Academy Charter,57,Northeast (Kansas City),27
2024-11-22,DeSoto,40,Northwest (Cedar Hill),46
2024-11-22,Scott County Central,23,Northwest (Hughesville),66
2024-11-22,Dora,28,Norwood,72
2024-11-22,Northwestern (Mendon),33,Orrick,27
2024-11-22,Clopton,58,Palmyra,74
2024-11-22,Hardin-Central,33,Polo,68
2024-11-22,Lincoln College Prep,56,Raytown South,51
2024-11-22,Vienna,59,Richland,41
2024-11-22,Chadwick,65,Rolla,72
2024-11-22,Greenfield,37,Sarcoxie,56
2024-11-22,Humansville,47,School of the Ozarks,37
2024-11-22,Spokane,54,Smithville,73
2024-11-22,Missouri Military Academy,44,South Pemiscot,46
2024-11-22,Prairie Home,68,Salem,57
2024-11-22,Linn,41,Van-Far,71
2024-11-22,St. Pius X (Festus),34,Webster Groves,86
2024-11-22,Versailles,51,St. Pius X (Kansas City),55
2024-11-22,Cardinal Ritter,55,University City,45
2024-11-22,Clearwater,45,Valley,72
2024-11-22,Saxony Lutheran,43,West County,63
2024-11-23,Fordland,26,Blue Eye,56
2024-11-23,Plato,36,Bunker,70
2024-11-23,Community,38,Chamois,68
2024-11-23,Crocker,61,Faith Christian Academy,69
2024-11-23,Mexico,62,Hickman,69
2024-11-23,Wheaton,37,Jasper,60
2024-11-23,North Callaway,53,Macon,31
2024-11-23,KIPP St. Louis Sr.,68,McKinley Classical Leadership,66
2024-11-23,Soldan International Studies,28,Normandy Collaborative,60
2024-11-23,Macks Creek,31,Owensville,70
2024-11-23,Verona,23,Pleasant Hope,72
2024-11-23,Hurley,44,Purdy,71
2024-11-23,Lutheran St. Charles,62,Webster Groves,83
2024-11-23,Lift for Life Academy Charter,55,University City,57
2024-11-23,Calvary Lutheran,33,Van-Far,40
2024-11-23,West Plains,31,Waynesville,60
2024-11-23,Elsberry,44,Winfield,46
2024-11-24,Ewing Marion Kauffman,53,Miller Career Academy,64
2024-11-25,Windsor (Imperial),65,Bayless,48
2024-11-25,Linn,36,Belle,52
2024-11-25,St. Michael the Archangel,53,Benton,66
2024-11-25,Madison,29,Bevier,53
2024-11-25,Stanberry,84,Bismarck,15
2024-11-25,Jasper,34,Blue Eye,51
2024-11-25,Smithville,84,Bradleyville,17
2024-11-25,Thayer,24,Braymer,85
2024-11-25,Hardin-Central,78,Breckenridge,29
2024-11-25,Newburg,49,Bunker,94
2024-11-25,Northeast (Kansas City),8,Center,48
2024-11-25,West County,70,Clearwater,43
2024-11-25,Van-Far,64,Community,29
2024-11-25,Gloria Deo Academy,60,Conway,79
2024-11-25,Thomas Jefferson Independent Day,75,Exeter,26
2024-11-25,Wheaton,41,Fordland,70
2024-11-25,Ellington,57,Fredericktown,74
2024-11-25,New Covenant Academy,81,Golden City,62
2024-11-25,Maplewood-Richmond Hts.,70,Hazelwood West,78
2024-11-25,Spokane,43,Hollister,56
2024-11-25,Verona,44,Hurley,55
2024-11-25,Lathrop,47,Lexington,63
2024-11-25,Grundy County with Newtown-Harris,43,Linn County,39
2024-11-25,Hogan Prep Academy Charter,43,Lone Jack,58
2024-11-25,Westran,93,Macks Creek,44
2024-11-25,Macon County with Bucklin,46,Marceline,53
2024-11-25,Cooter,82,Marquand-Zion,55
2024-11-25,Princeton,29,Mercer,38
2024-11-25,Calvary Lutheran,43,New Bloomfield,55
2024-11-25,Miller,62,New Heights Christian,54
2024-11-25,Willard,36,Osceola,39
2024-11-25,Kingston,73,Perryville,74
2024-11-25,Couch,50,Plato,57
2024-11-25,Mound City,52,Plattsburg,62
2024-11-25,Pleasant Hope,60,Purdy,63
2024-11-25,Northeast Vernon County,24,Rich Hill,63
2024-11-25,Oak Grove,66,Richmond,69
2024-11-25,Van-Far,89,Sarcoxie,70
2024-11-25,Otterville,58,Sweet Springs,46
2024-11-25,Holt,66,Troy Buchanan,33
2024-11-25,Climax Springs,43,Wheatland,48
2024-11-26,Hume,28,Appleton City,49
2024-11-26,Lesterville,62,Arcadia Valley,40
2024-11-26,Alton,43,Bakersfield,70
2024-11-26,Herculaneum,54,Bayless,75
2024-11-26,New Haven,35,Belle,69
2024-11-26,Hannibal,56,Bowling Green,61
2024-11-26,Macon,53,Brookfield,33
2024-11-26,Wellsville-Middletown,59,Butler,33
2024-11-26,West Platte,62,Cameron,58
2024-11-26,Miller Career Academy,65,Cardinal Ritter,51
2024-11-26,Osage,72,Centralia,38
2024-11-26,Richland,23,Chamois,55
2024-11-26,Winnetonka,67,Chillicothe,55
2024-11-26,Ellington,61,Clearwater,53
2024-11-26,Wellsville-Middletown,61,Community,40
2024-11-26,Ash Grove,43,Crane,44
2024-11-26,Kingsville,49,Crest Ridge,47
2024-11-26,Warsaw,64,Dixon,75
2024-11-26,Bradleyville,50,Dora,75
2024-11-26,Diamond,47,East Newton,51
2024-11-26,Mountain Grove,64,Eldon,51
2024-11-26,East (Kansas City),58,Excelsior Springs,37
2024-11-26,Montgomery County,64,Fatima,48
2024-11-26,Hurley,67,Fordland,73
2024-11-26,Francis Howell North,70,Ft. Zumwalt East,28
2024-11-26,Pattonsburg,23,Gallatin,56
2024-11-26,Brunswick,65,Glasgow,44
2024-11-26,KIPP KC Legacy,43,Grandview,56
2024-11-26,Walnut Grove,55,Greenfield,38
2024-11-26,Gateway Science Charter,64,Hancock,66
2024-11-26,Chilhowee,32,Hardin-Central,60
2024-11-26,Greenville,54,Hayti,83
2024-11-26,Wright City,14,Hermann,62
2024-11-26,Green Ridge,42,Hermitage,54
2024-11-26,Thayer,44,Higbee,76
2024-11-26,Kirksville,59,Highland,22
2024-11-26,Concordia,40,Holden,64
2024-11-26,Liberty (Wentzville),67,Holt,64
2024-11-26,Tuscumbia,60,Iberia,83
2024-11-26,Owensville,55,Jackson,57
2024-11-26,Slater,82,Jamestown,42
2024-11-26,St. Elizabeth,43,Jefferson (Conception) with South Nodaway,55
2024-11-26,Macon County with Bucklin,69,Keytesville,25
2024-11-26,West Nodaway with Nodaway-Holt,45,King City,43
2024-11-26,Clinton,57,Knob Noster,26
2024-11-26,Canton,56,Knox County,28
2024-11-26,Scott County Central,37,La Monte,42
2024-11-26,Hazelwood West,54,Ladue Horton Watkins,66
2024-11-26,Seckman,53,Lafayette (Wildwood),68
2024-11-26,Sherwood,41,Lakeland,37
2024-11-26,Marquette,71,Lindbergh,67
2024-11-26,Southern Boone,77,Linn,23
2024-11-26,Leeton,40,Lone Jack,54
2024-11-26,Worth County,66,Madison,12
2024-11-26,Forsyth,80,Marshfield,48
2024-11-26,Liberal,24,McAuley Catholic,54
2024-11-26,Seneca,80,Meadow Heights,59
2024-11-26,Ewing Marion Kauffman,76,Mid-Buchanan,66
2024-11-26,Novinger,57,Milan,61
2024-11-26,Moberly,45,Monroe City,59
2024-11-26,Vienna,58,Mound City,55
2024-11-26,Schuyler County,42,New Franklin,53
2024-11-26,North Nodaway,32,North Harrison,59
2024-11-26,Midway,38,North Platte,71
2024-11-26,Albany,50,Northeast Nodaway,27
2024-11-26,Plato,48,Norwood,81
2024-11-26,Affton,26,Oakville,67
2024-11-26,Polo,57,Orrick,39
2024-11-26,Parkway South,57,Parkway Central,50
2024-11-26,Parkway West,32,Parkway North,41
2024-11-26,Otterville,36,Pilot Grove,68
2024-11-26,Smithton,62,Prairie Home,69
2024-11-26,Gloria Deo Academy,49,Reeds Spring,57
2024-11-26,St. Joseph Christian,75,Rock Port,77
2024-11-26,Oak Park,80,Ruskin,30
2024-11-26,Licking,72,Salem,69
2024-11-26,Brashear,38,Schuyler County,72
2024-11-26,Clark County,53,Senath-Hornersville,51
2024-11-26,Northwest (Hughesville),64,Salem,67
2024-11-26,Central (St. Joseph),58,Sparta,35
2024-11-26,Pierce City,51,Tuscumbia,62
2024-11-26,St. Charles,56,St. Charles West,41
2024-11-26,Pembroke Hill,48,St. Pius X (Kansas City),54
2024-11-26,Maysville,56,Stewartsville with Osborn,51
2024-11-26,East Carter,54,Wright City,39
2024-11-26,Bronaugh,46,Thomas Jefferson Independent Day,68
2024-11-26,North Point,34,Timberland,85
2024-11-26,East Buchanan,72,Trenton,35
2024-11-26,Confluence Prep Academy Charter,84,Union,64
2024-11-26,Bourbon,30,Valley,82
2024-11-26,St. Charles,60,Versailles,49
2024-11-26,Wheaton,55,Verona,61
2024-11-26,New Bloomfield,68,Vienna,48
2024-11-26,Sweet Springs,33,Warsaw,63
2024-11-26,Lawson,57,Wellington-Napoleon,34
2024-11-26,Lutheran St. Charles,51,Westminster Christian Academy,76
2024-11-27,Arcadia Valley,59,Bismarck,36
2024-11-27,West County,55,Fredericktown,45
2024-11-27,Pleasant Hope,66,Jasper,56
2024-11-27,Stanberry,62,Lesterville,35
2024-11-27,Principia,83,Pacific,27
2024-11-27,Blue Eye,44,Purdy,45
2024-11-27,St. Francis Borgia,70,Washington,52
2024-11-28,Ellington,69,Arcadia Valley,70
2024-11-28,Lesterville,58,Fredericktown,61
2024-11-28,West County,52,Stanberry,53
2024-11-29,Winona,43,Billings,46
2024-11-29,Cuba,70,Central (New Madrid County),45
2024-11-29,Richland (Essex),38,Chadwick,51
2024-11-29,Greenville,62,Clarkton,34
2024-11-29,Van Buren,95,Delta,62
2024-11-29,Neelyville,54,Eminence,59
2024-11-29,Confluence Prep Academy Charter,49,Jackson,72
2024-11-29,Union,48,Owensville,52
2024-11-29,Washington,39,Pacific,28
2024-11-29,St. Francis Borgia,66,Principia,78
2024-11-29,Risco,73,Sweet Springs,35
2024-11-29,Liberty (Mountain View),63,St. Clair,30
2024-11-30,East Carter,65,Alton,57
2024-11-30,Winona,43,Billings,46
2024-11-30,Puxico,69,Chadwick,65
2024-11-30,Wright City,46,Doniphan,62
2024-11-30,Greenville,58,Dora,50
2024-11-30,Westran,72,Iberia,65
2024-11-30,Principia,60,Jackson,43
2024-11-30,Kennett,54,Mountain Grove,61
2024-11-30,Washington,43,Owensville,41
2024-11-30,Laquey,70,Richland,37
2024-11-30,Confluence Prep Academy Charter,72,St. Francis Borgia,66
2024-11-30,Pacific,60,Union,64
2024-11-30,Woodland,80,Van Buren,73
2024-12-02,Richland (Essex),72,Advance,36
2024-12-02,Lindbergh,58,Affton,23
2024-12-02,Novinger,45,Atlanta,67
2024-12-02,Union,49,Ava,57
2024-12-02,KIPP St. Louis Sr.,66,Bayless,67
2024-12-02,Oran,66,Bell City,69
2024-12-02,St. Paul Lutheran (Farmington),47,Bismarck,72
2024-12-02,Valley,88,Bourbon,21
2024-12-02,Mercer,65,Breckenridge,24
2024-12-02,Keytesville,12,Brunswick,81
2024-12-02,Monroe City,42,Canton,65
2024-12-02,Willow Springs,51,Cassville,47
2024-12-02,East (Kansas City),40,Center,42
2024-12-02,Scott County Central,64,Chaffee,69
2024-12-02,Sparta,41,Chillicothe,43
2024-12-02,Gateway Science Charter,10,Clayton,102
2024-12-02,Northwest (Hughesville),36,Concordia,52
2024-12-02,Walnut Grove,55,Conway,48
2024-12-02,Exeter,20,Crane,67
2024-12-02,Saxony Lutheran,59,Crystal City,50
2024-12-02,West Nodaway with Nodaway-Holt,75,DeKalb,19
2024-12-02,Summersville,82,Delta (Deering),27
2024-12-02,Ste. Genevieve,71,DeSoto,66
2024-12-02,Dora,51,Eminence,74
2024-12-02,Halfway,95,Everton,18
2024-12-02,Barstow,64,Ewing Marion Kauffman,71
2024-12-02,Humansville,59,Fair Play,32
2024-12-02,Warsaw,56,Farmington,80
2024-12-02,Hollister,27,Forsyth,78
2024-12-02,Sikeston,100,Fox,34
2024-12-02,Hickman,89,Francis Howell Central,76
2024-12-02,Hazelwood West,45,Ft. Zumwalt North,62
2024-12-02,Lebanon,90,Gainesville,85
2024-12-02,Rich Hill,82,Golden City,32
2024-12-02,Jefferson (Festus),48,Grandview (Hillsboro),41
2024-12-02,Perryville,78,Greenville,88
2024-12-02,Windsor (Imperial),81,Hancock,23
2024-12-02,Duchesne,35,Hannibal,28
2024-12-02,Marceline,28,Harrisburg,68
2024-12-02,Lift for Life Academy Charter,50,Hazelwood Central,56
2024-12-02,Winfield,11,Hazelwood East,90
2024-12-02,Macon County with Bucklin,49,Higbee,53
2024-12-02,Savannah,62,Hogan Prep Academy Charter,50
2024-12-02,Risco,84,Holcomb,43
2024-12-02,Troy Buchanan,36,Holt,67
2024-12-02,Koshkonong,53,Houston,84
2024-12-02,Northeast Vernon County,50,Hume,26
2024-12-02,Pilot Grove,53,Jamestown,46
2024-12-02,Thomas Jefferson Independent Day,40,Jasper,37
2024-12-02,Pattonsburg,39,Jefferson (Conception) with South Nodaway,67
2024-12-02,St. Dominic,55,Jefferson City,61
2024-12-02,St. Elizabeth,22,Kearney,92
2024-12-02,Worth County,49,King City,55
2024-12-02,Marquand-Zion,33,Kingston,67
2024-12-02,Oak Ridge,46,Leopold,68
2024-12-02,Vianney,75,Lutheran St. Charles,43
2024-12-02,St. Pius X (Festus),38,Maplewood-Richmond Hts.,65
2024-12-02,Clever,42,Marshfield,35
2024-12-02,Platte County,70,Maryville,44
2024-12-02,North Harrison,30,Maysville,63
2024-12-02,Battle,95,McCluer,33
2024-12-02,Oakville,72,Mehlville,49
2024-12-02,Lutheran South,68,Metro,19
2024-12-02,Whitfield,56,MICDS,73
2024-12-02,Senath-Hornersville,53,Milan,30
2024-12-02,Norwood,70,Miller,61
2024-12-02,Westminster Christian Academy,67,Miller Career Academy,27
2024-12-02,Mid-Buchanan,75,Mound City,29
2024-12-02,Central (Cape Girardeau),74,North County,31
2024-12-02,Stewartsville with Osborn,72,Northeast Nodaway,23
2024-12-02,Lone Jack,31,Oak Grove,54
2024-12-02,Francis Howell North,28,Pattonville,65
2024-12-02,Webb City,23,Potosi,62
2024-12-02,Green Ridge,40,Prairie Home,68
2024-12-02,West Plains,40,Priory,47
2024-12-02,Greenwood,80,Purdy,46
2024-12-02,Schuyler County,33,Putnam County,68
2024-12-02,Kennett,60,Senath-Hornersville,57
2024-12-02,Glasgow,46,Salem,49
2024-12-02,Rock Bridge,82,St. Charles,41
2024-12-02,St. Pius X (Kansas City),41,St. Michael the Archangel,59
2024-12-02,New Covenant Academy,68,Wellsville-Middletown,88
2024-12-02,Van-Far,54,Worth County,44
2024-12-02,Bishop LeBlond,74,Tarkio with Fairfax,67
2024-12-02,Bernie,49,St. Clair,46
2024-12-02,St. Joseph Christian,68,Union Star,31
2024-12-02,New Heights Christian,93,Verona,29
2024-12-02,Ft. Zumwalt East,49,Winfield,42
2024-12-03,Princeton,58,Albany,25
2024-12-03,Ellington,54,Alton,74
2024-12-03,Kingsville,59,Appleton City,36
2024-12-03,Lesterville,45,Arcadia Valley,50
2024-12-03,Osceola,47,Ash Grove,41
2024-12-03,Koshkonong,27,Bakersfield,76
2024-12-03,Gloria Deo Academy,36,Billings,55
2024-12-03,Campbell,66,Bloomfield,45
2024-12-03,Fordland,48,Blue Eye,55
2024-12-03,Hermann,60,Bowling Green,42
2024-12-03,Spokane,27,Branson,68
2024-12-03,Veritas Christian Academy,62,Brentwood,65
2024-12-03,Chilhowee,42,Bronaugh,44
2024-12-03,Clark County,66,Brookfield,55
2024-12-03,Keytesville,12,Brunswick,81
2024-12-03,Winona,74,Buffalo,38
2024-12-03,Willard,58,Butler,57
2024-12-03,Smithton,36,Calvary Lutheran,56
2024-12-03,Marshall,44,Camdenton,71
2024-12-03,Gateway,43,Cardinal Ritter,88
2024-12-03,Richmond,65,Carrollton,28
2024-12-03,North Callaway,38,Centralia,62
2024-12-03,McCluer North,56,Chaminade College Prep,81
2024-12-03,Neelyville,68,Clarkton,40
2024-12-03,Laquey,66,Crocker,93
2024-12-03,DeLaSalle Charter (KC),45,Crossroads Prep Charter,35
2024-12-03,Macks Creek,31,Dadeville,58
2024-12-03,Union Star,44,DeKalb,23
2024-12-03,Charleston,54,Dexter,59
2024-12-03,Newburg,55,Dixon,78
2024-12-03,Lincoln College Prep,49,East (Kansas City),44
2024-12-03,Cameron,51,East Buchanan,69
2024-12-03,Exeter,21,East Newton,55
2024-12-03,Gideon,72,East Prairie,88
2024-12-03,Mt. Vernon,71,El Dorado Springs,46
2024-12-03,Versailles,54,Eldon,58
2024-12-03,Houston,36,Eminence,77
2024-12-03,Sarcoxie,27,Eugene,81
2024-12-03,St. James,45,Farmington,75
2024-12-03,Clopton,58,Fulton,63
2024-12-03,Herculaneum,45,Grandview (Hillsboro),37
2024-12-03,Madison,19,Green City,95
2024-12-03,Galena,66,Greenfield,61
2024-12-03,Meadow Heights,62,Greenville,58
2024-12-03,La Plata,45,Grundy County with Newtown-Harris,47
2024-12-03,Paseo Academy,35,Harrisonville,58
2024-12-03,Portageville,48,Hayti,78
2024-12-03,North Point,40,Holt,67
2024-12-03,Jennings,45,John Burroughs,74
2024-12-03,Cole Camp,40,Knob Noster,67
2024-12-03,Jamestown,55,La Monte,24
2024-12-03,Sacred Heart,51,Lafayette County,61
2024-12-03,Hermitage,59,Lakeland,30
2024-12-03,Faith Christian Academy,69,Lathrop,49
2024-12-03,Rockhurst,68,Lee's Summit West,43
2024-12-03,South Shelby,78,Leeton,28
2024-12-03,Woodland,76,Leopold,31
2024-12-03,Excelsior Springs,40,Lexington,78
2024-12-03,Wright City,21,Liberty (Mountain View),59
2024-12-03,Fort Osage,62,Liberty North,77
2024-12-03,Plato,62,Licking,60
2024-12-03,Warsaw,48,Lincoln,59
2024-12-03,Wheaton,36,Lockwood,73
2024-12-03,University Academy Charter,30,Logan-Rogersville,78
2024-12-03,Highland,48,Louisiana,58
2024-12-03,North Platte,60,Lutheran (Kansas City),28
2024-12-03,Moberly,64,Macon,48
2024-12-03,Doniphan,60,Malden,56
2024-12-03,Bradleyville,34,Mansfield,53
2024-12-03,Pleasant Hope,56,Marion C. Early,49
2024-12-03,Community,36,Marion County,57
2024-12-03,Miller,58,Marionville,51
2024-12-03,Palmyra,79,Mark Twain,38
2024-12-03,Hartville,62,Marshfield,21
2024-12-03,Northwestern (Mendon),42,Meadville,73
2024-12-03,New Haven,23,Mexico,83
2024-12-03,University City,58,Miller Career Academy,49
2024-12-03,Rock Port,66,Mound City,38
2024-12-03,Smithville,52,Mountain Grove,50
2024-12-03,East Carter,73,Naylor,48
2024-12-03,Waynesville,39,Neosho,68
2024-12-03,Carthage,45,Nevada,50
2024-12-03,California,72,New Bloomfield,46
2024-12-03,Northeast (Cairo),66,New Franklin,65
2024-12-03,Wheatland,78,Niangua,28
2024-12-03,Hardin-Central,67,Norborne,42
2024-12-03,Vienna,36,North Andrew,57
2024-12-03,Northeast Nodaway,30,North Nodaway,64
2024-12-03,Penney,25,North Platte,81
2024-12-03,South Callaway,38,Northeast Vernon County,41
2024-12-03,Orrick,39,Northland Christian,44
2024-12-03,Fredericktown,28,Notre Dame (Cape Girardeau),66
2024-12-03,Boonville,45,Oak Grove,42
2024-12-03,Scott County Central,55,Oran,75
2024-12-03,Ladue Horton Watkins,63,Orchard Farm,56
2024-12-03,Columbia Independent,32,Otterville,53
2024-12-03,Fatima,55,Owensville,57
2024-12-03,Blue Springs,56,Park Hill,78
2024-12-03,Parkway North,40,Parkway Central,50
2024-12-03,Parkway West,37,Parkway South,50
2024-12-03,Verona,18,Pierce City,58
2024-12-03,Concordia,34,Pilot Grove,71
2024-12-03,Wellington-Napoleon,45,Plattsburg,49
2024-12-03,Crest Ridge,60,Pleasant Hill,72
2024-12-03,Caruthersville,53,Poplar Bluff,60
2024-12-03,Cuba,43,Potosi,61
2024-12-03,Tuscumbia,63,Purdy,72
2024-12-03,Clearwater,44,Puxico,79
2024-12-03,Belton,51,Raytown South,45
2024-12-03,Metro,44,Roosevelt,53
2024-12-03,Springfield Catholic,70,Sarcoxie,25
2024-12-03,Hurley,57,School of the Ozarks,68
2024-12-03,Knox County,38,Schuyler County,48
2024-12-03,Delta (Deering),41,Senath-Hornersville,59
2024-12-03,Holden,45,Sherwood,55
2024-12-03,Tipton,45,Slater,56
2024-12-03,Tarkio with Fairfax,48,St. James,37
2024-12-03,Linn,39,Southern Boone,75
2024-12-03,Sweet Springs,71,Thayer,47
2024-12-03,Pacific,27,St. Francis Borgia,60
2024-12-03,Odessa,50,St. Paul Lutheran (Concordia),60
2024-12-03,Liberty (Wentzville),51,Timberland,79
2024-12-03,Polo,56,Trenton,38
2024-12-03,Holcomb,34,St. Clair,69
2024-12-03,Washington,53,Union,32
2024-12-03,STEAM Academy,42,Valley Park,67
2024-12-03,Montgomery County,105,Wellsville-Middletown,24
2024-12-03,Fayette,30,Westran,71
2024-12-03,Confluence Prep Academy Charter,56,Whitfield,53
2024-12-03,Weaubleau,57,Windsor,51
2024-12-03,St. Charles West,60,Wright City,27
2024-12-04,Gateway Science Charter,26,Affton,68
2024-12-04,Vienna,33,Albany,45
2024-12-04,KIPP St. Louis Sr.,49,Bishop DuBourg,30
2024-12-04,Bunker,77,Bismarck,28
2024-12-04,Marquand-Zion,69,Bourbon,65
2024-12-04,Novinger,64,Brashear,53
2024-12-04,Higbee,18,Brunswick,63
2024-12-04,Francis Howell,45,Cardinal Ritter,70
2024-12-04,Kearney,58,Chillicothe,51
2024-12-04,Lindbergh,53,Clayton,58
2024-12-04,Central (Park Hills),71,Crystal City,52
2024-12-04,El Dorado Springs,55,Diamond,59
2024-12-04,Winfield,48,Elsberry,39
2024-12-04,Troy Buchanan,56,Francis Howell Central,75
2024-12-04,Ritenour,57,Francis Howell North,53
2024-12-04,St. Charles,49,Ft. Zumwalt North,50
2024-12-04,Marceline,38,Glasgow,68
2024-12-04,Bolivar,49,Glendale,73
2024-12-04,Lutheran St. Charles,62,Hazelwood Central,85
2024-12-04,Duchesne,32,Hazelwood East,68
2024-12-04,Rock Bridge,68,Hazelwood West,39
2024-12-04,Jefferson (Festus),71,Herculaneum,43
2024-12-04,Holt,48,Hickman,54
2024-12-04,Maryville,80,Hogan Prep Academy Charter,44
2024-12-04,Concordia,40,Holden,64
2024-12-04,South Callaway,37,Hume,47
2024-12-04,Battle,102,Jefferson City,74
2024-12-04,Macon County with Bucklin,73,Keytesville,35
2024-12-04,Valley,58,Kingston,53
2024-12-04,Oak Ridge,46,Leopold,68
2024-12-04,Van-Far,80,Linn,49
2024-12-04,St. Pius X (Festus),29,Lutheran South,79
2024-12-04,Metro,16,Maplewood-Richmond Hts.,59
2024-12-04,St. Dominic,73,McCluer,40
2024-12-04,Gateway,97,McKinley Classical Leadership,60
2024-12-04,Hancock,17,Mehlville,69
2024-12-04,Confluence Prep Academy Charter,59,MICDS,78
2024-12-04,Rock Port,63,Mid-Buchanan,67
2024-12-04,University City,58,Miller Career Academy,49
2024-12-04,Wright City,46,Missouri Military Academy,44
2024-12-04,St. Charles,45,North Kansas City,74
2024-12-04,Stewartsville with Osborn,49,North Nodaway,26
2024-12-04,Zalma,49,North Pemiscot,46
2024-12-04,Windsor (Imperial),66,Oakville,74
2024-12-04,Sarcoxie,39,Osage,75
2024-12-04,Worth County,41,Pattonsburg,43
2024-12-04,Savannah,43,Platte County,59
2024-12-04,Senath-Hornersville,60,Putnam County,53
2024-12-04,Milan,59,Schuyler County,50
2024-12-04,Harrisburg,91,Salem,58
2024-12-04,Willard,70,Savannah,51
2024-12-04,St. Elizabeth,58,Sparta,76
2024-12-04,Bishop LeBlond,55,St. James,37
2024-12-04,North Harrison,47,Trenton,70
2024-12-04,Westminster Christian Academy,49,University City,41
2024-12-04,STEAM Academy,35,Veritas Christian Academy,51
2024-12-04,Lift for Life Academy Charter,56,Vianney,91
2024-12-04,St. Joseph Christian,42,West Nodaway with Nodaway-Holt,59
2024-12-05,Kelly,73,Advance,67
2024-12-05,Mehlville,68,Affton,46
2024-12-05,Marion C. Early,56,Ash Grove,58
2024-12-05,Fair Grove,63,Aurora,60
2024-12-05,Willow Springs,58,Ava,50
2024-12-05,Chaffee,43,Bell City,52
2024-12-05,Risco,70,Bernie,75
2024-12-05,STEAM Academy,51,Bishop DuBourg,42
2024-12-05,Clarkton,47,Bloomfield,53
2024-12-05,New Haven,41,Bowling Green,64
2024-12-05,Gallatin,49,Braymer,51
2024-12-05,Valley Park,63,Brentwood,31
2024-12-05,Knox County,48,Brookfield,51
2024-12-05,California,28,Camdenton,58
2024-12-05,Neelyville,60,Campbell,67
2024-12-05,Boonville,61,Centralia,52
2024-12-05,Miami (Amoret),62,Chilhowee,47
2024-12-05,East Carter,65,Clearwater,30
2024-12-05,Hartville,42,Clever,37
2024-12-05,Willard,30,Clinton,68
2024-12-05,Leeton,67,Cole Camp,53
2024-12-05,New Covenant Academy,80,Conway,62
2024-12-05,Westran,64,Crocker,63
2024-12-05,Wheatland,57,Dadeville,41
2024-12-05,Plato,38,Dixon,66
2024-12-05,Liberty (Mountain View),61,Doniphan,45
2024-12-05,Crane,52,East Newton,49
2024-12-05,Hayti,65,East Prairie,80
2024-12-05,Winona,58,Ellington,52
2024-12-05,Alton,50,Eminence,75
2024-12-05,New Franklin,61,Fayette,33
2024-12-05,Montgomery County,67,Fulton,39
2024-12-05,Portageville,43,Gideon,35
2024-12-05,Central (Park Hills),60,Grandview (Hillsboro),41
2024-12-05,Grundy County with Newtown-Harris,23,Green City,85
2024-12-05,Humansville,36,Halfway,65
2024-12-05,Gateway Science Charter,72,Hancock,51
2024-12-05,Summit Christian Academy,63,Harrisonville,32
2024-12-05,Mexico,48,Hermann,44
2024-12-05,Gainesville,64,Hollister,43
2024-12-05,King City,45,Jefferson (Conception) with South Nodaway,43
2024-12-05,Kirkwood,59,Jennings,43
2024-12-05,Raytown,62,Kickapoo,60
2024-12-05,South Shelby,58,Knob Noster,40
2024-12-05,Calvary Lutheran,49,La Monte,29
2024-12-05,Madison,48,La Plata,62
2024-12-05,Parkview,65,Lafayette (Wildwood),48
2024-12-05,Lawson,41,Lafayette County,61
2024-12-05,Ewing Marion Kauffman,30,Lee's Summit North,71
2024-12-05,Helias Catholic,39,Lee's Summit West,63
2024-12-05,Carrollton,24,Lexington,75
2024-12-05,Ozark,83,Liberty,78
2024-12-05,Weaubleau,44,Lincoln,49
2024-12-05,Northwestern (Mendon),50,Linn County,44
2024-12-05,Galena,60,Lockwood,62
2024-12-05,North Platte,67,Lone Jack,45
2024-12-05,Sherwood,40,Lutheran (Kansas City),58
2024-12-05,Kirksville,72,Macon,42
2024-12-05,Bevier,33,Marion County,64
2024-12-05,Norwood,84,Marionville,41
2024-12-05,New Bloomfield,41,Marshall,53
2024-12-05,Polo,21,Maysville,41
2024-12-05,Logan-Rogersville,63,Metro,42
2024-12-05,Breckenridge,45,Norborne,67
2024-12-05,Princeton,55,North Andrew,44
2024-12-05,Union Star,37,Northeast Nodaway,31
2024-12-05,Faith Christian Academy,69,Northland Christian,52
2024-12-05,Wellington-Napoleon,55,Odessa,74
2024-12-05,Eugene,67,Osage,55
2024-12-05,Rolla,54,Park Hill South,52
2024-12-05,New Heights Christian,34,Pierce City,44
2024-12-05,Cameron,75,Plattsburg,57
2024-12-05,Capital City,47,Republic,50
2024-12-05,Thomas Jefferson Independent Day,40,Rich Hill,67
2024-12-05,Newburg,77,Richland,43
2024-12-05,St. Paul Lutheran (Concordia),51,Sacred Heart,66
2024-12-05,Clark County,52,Schuyler County,61
2024-12-05,Winona,71,Smithville,60
2024-12-05,Eldon,39,Slater,42
2024-12-05,Kennett,46,Summersville,70
2024-12-05,Van-Far,66,Southern Boone,74
2024-12-05,Orrick,63,Thayer,50
2024-12-05,Greenwood,68,Tuscumbia,36
2024-12-05,Warsaw,43,St. James,74
2024-12-05,KIPP KC Legacy,42,St. Michael the Archangel,39
2024-12-05,Cuba,53,Webb City,28
2024-12-05,Cabool,37,Wright City,69
2024-12-05,Versailles,52,Tipton,42
2024-12-05,William Chrisman,38,Versailles,60
2024-12-05,Windsor,40,Warsaw,55
2024-12-05,Clopton,83,Wellsville-Middletown,20
2024-12-05,Mansfield,73,West Plains,83
2024-12-05,Northeast (Cairo),49,Westran,65
2024-12-06,Pattonsburg,31,Albany,52
2024-12-06,Sherwood,65,Appleton City,44
2024-12-06,Hartville,64,Aurora,53
2024-12-06,Raytown South,35,Barstow,34
2024-12-06,Valley Park,64,Bayless,45
2024-12-06,Richland (Essex),47,Bell City,58
2024-12-06,Bolivar,56,Belton,64
2024-12-06,Campbell,58,Bernie,47
2024-12-06,Thayer,45,Bevier,58
2024-12-06,Clopton,61,Bowling Green,51
2024-12-06,Lutie,43,Bradleyville,68
2024-12-06,Mountain Grove,66,Buffalo,51
2024-12-06,Valley,41,Bunker,62
2024-12-06,Palmyra,64,Canton,62
2024-12-06,Branson,77,Carl Junction,84
2024-12-06,Jackson,68,Caruthersville,61
2024-12-06,Union,51,Cassville,38
2024-12-06,Central (Kansas City),64,Center,55
2024-12-06,Liberty North,73,Central (St. Joseph),35
2024-12-06,Notre Dame (Cape Girardeau),59,Charleston,65
2024-12-06,Savannah,46,Chillicothe,62
2024-12-06,Holcomb,51,Clarkton,45
2024-12-06,Oakville,45,Clayton,47
2024-12-06,Arcadia Valley,56,Clearwater,46
2024-12-06,Butler,38,Clinton,59
2024-12-06,Holden,48,Crest Ridge,53
2024-12-06,Gideon,82,Delta (Deering),85
2024-12-06,Fox,57,DeSoto,61
2024-12-06,Malden,34,Dexter,72
2024-12-06,Mt. Vernon,65,Diamond,55
2024-12-06,Hurley,49,Dora,71
2024-12-06,Ft. Zumwalt East,34,Duchesne,38
2024-12-06,DeLaSalle Charter (KC),40,East (Kansas City),60
2024-12-06,St. Francis Borgia,45,Eureka,63
2024-12-06,Fair Play,71,Everton,31
2024-12-06,Macks Creek,31,Fair Play,30
2024-12-06,Potosi,51,Farmington,58
2024-12-06,Warrensburg,24,Fatima,50
2024-12-06,Gloria Deo Academy,51,Fordland,57
2024-12-06,Lebanon,36,Forsyth,68
2024-12-06,St. Dominic,79,Francis Howell Central,51
2024-12-06,Rock Bridge,60,Ft. Zumwalt North,37
2024-12-06,Central (Cape Girardeau),48,Ft. Zumwalt West,58
2024-12-06,Jasper,53,Golden City,38
2024-12-06,Wheaton,41,Greenfield,74
2024-12-06,Leopold,48,Greenville,49
2024-12-06,Winfield,51,Hannibal,36
2024-12-06,Tri-County,42,Hardin-Central,45
2024-12-06,Vianney,68,Hazelwood Central,72
2024-12-06,St. Charles,76,Hazelwood West,46
2024-12-06,Saxony Lutheran,48,Herculaneum,35
2024-12-06,Battle,85,Hickman,79
2024-12-06,Hallsville,86,Highland,27
2024-12-06,St. Elizabeth,60,Hogan Prep Academy Charter,54
2024-12-06,Laquey,69,Iberia,52
2024-12-06,North Andrew,55,Jefferson (Conception) with South Nodaway,61
2024-12-06,Holt,42,Jefferson City,73
2024-12-06,Oran,74,Kelly,70
2024-12-06,Lee's Summit West,29,Kickapoo,54
2024-12-06,Bismarck,47,Kingston,66
2024-12-06,Northeast (Kansas City),15,KIPP KC Legacy,77
2024-12-06,Novinger,74,La Plata,64
2024-12-06,Helias Catholic,54,Lafayette (Wildwood),61
2024-12-06,Rockhurst,47,Lee's Summit,52
2024-12-06,Versailles,50,Lee's Summit North,70
2024-12-06,North Point,30,Liberty (Wentzville),61
2024-12-06,Newburg,40,Licking,79
2024-12-06,Windsor (Imperial),40,Lindbergh,62
2024-12-06,Sarcoxie,69,Linn,49
2024-12-06,Summit Christian Academy,33,Logan-Rogersville,59
2024-12-06,Lift for Life Academy Charter,84,Lutheran St. Charles,63
2024-12-06,Niangua,43,Macks Creek,48
2024-12-06,Northwestern (Mendon),41,Macon County with Bucklin,45
2024-12-06,Lutheran South,83,Maplewood-Richmond Hts.,52
2024-12-06,Community,42,Mark Twain,78
2024-12-06,St. Paul Lutheran (Farmington),48,Marquand-Zion,72
2024-12-06,Versailles,41,Marshall,49
2024-12-06,Sparta,56,Maryville,66
2024-12-06,Troy Buchanan,63,McCluer,46
2024-12-06,Hillcrest,98,McDonald County,32
2024-12-06,Woodland,99,Meadow Heights,52
2024-12-06,St. Pius X (Festus),63,Metro,45
2024-12-06,South Callaway,25,Miami (Amoret),50
2024-12-06,Westminster Christian Academy,76,MICDS,59
2024-12-06,Whitfield,39,Miller Career Academy,64
2024-12-06,Tuscumbia,64,Missouri Military Academy,45
2024-12-06,Billings,46,Monett,50
2024-12-06,Risco,67,Neelyville,59
2024-12-06,Nevada,44,Neosho,42
2024-12-06,Tipton,42,New Bloomfield,55
2024-12-06,St. Joseph Christian,56,North Nodaway,41
2024-12-06,Cooter,105,North Pemiscot,33
2024-12-06,Moberly,61,Oak Grove,58
2024-12-06,Perryville,84,Oak Ridge,68
2024-12-06,Pleasant Hope,52,Osceola,67
2024-12-06,Chamois,46,Otterville,58
2024-12-06,Central (Springfield),69,Ozark,63
2024-12-06,Hillsboro,48,Pacific,22
2024-12-06,Capital City,46,Park Hill South,67
2024-12-06,Raytown,57,Parkview,52
2024-12-06,Parkway South,49,Parkway North,52
2024-12-06,Parkway Central,41,Parkway West,43
2024-12-06,University Academy Charter,47,Paseo Academy,50
2024-12-06,Kearney,50,Platte County,38
2024-12-06,Ladue Horton Watkins,70,Poplar Bluff,49
2024-12-06,Naylor,41,Puxico,88
2024-12-06,Tarkio with Fairfax,66,Rock Port,51
2024-12-06,Northwest (Cedar Hill),34,Rockwood Summit,60
2024-12-06,Republic,70,Rolla,60
2024-12-06,Owensville,32,Salem,47
2024-12-06,Norborne,62,Scott County Central,55
2024-12-06,McAuley Catholic,47,Sarcoxie,38
2024-12-06,Blue Eye,59,School of the Ozarks,34
2024-12-06,Central (New Madrid County),57,Seneca,73
2024-12-06,Portageville,41,Senath-Hornersville,72
2024-12-06,Ste. Genevieve,51,Sikeston,88
2024-12-06,North Callaway,70,South Pemiscot,48
2024-12-06,Mansfield,64,Savannah,90
2024-12-06,Climax Springs,68,Smithton,71
2024-12-06,West Plains,60,Soldan International Studies,35
2024-12-06,East Carter,35,Stanberry,63
2024-12-06,Schuyler County,38,South Shelby,36
2024-12-06,Cuba,49,St. James,41
2024-12-06,McKinley Classical Leadership,38,Webster Groves,99
2024-12-06,Oak Park,48,Staley,44
2024-12-06,Webb City,36,Warsaw,51
2024-12-06,West Nodaway with Nodaway-Holt,56,Stewartsville with Osborn,44
2024-12-06,Walnut Grove,42,Wellsville-Middletown,62
2024-12-06,Northwest (Hughesville),63,Sweet Springs,49
2024-12-06,Francis Howell,63,Timberland,73
2024-12-06,Bloomfield,43,St. Clair,56
2024-12-06,Confluence Prep Academy Charter,53,University City,64
2024-12-06,Louisiana,31,Van-Far,67
2024-12-06,KIPP St. Louis Sr.,49,Veritas Christian Academy,52
2024-12-06,Hermitage,42,Vienna,61
2024-12-06,Father Tolton,55,Webster Groves,68
2024-12-06,New Haven,52,Wellsville-Middletown,37
2024-12-06,Willard,77,West Plains,68
2024-12-06,Ewing Marion Kauffman,61,William Chrisman,58
2024-12-07,New Covenant Academy,64,Ash Grove,74
2024-12-07,Grundy County with Newtown-Harris,34,Atlanta,70
2024-12-07,Smithville,59,Ava,39
2024-12-07,Savannah,83,Belton,73
2024-12-07,Mansfield,63,Bolivar,84
2024-12-07,Maysville,56,Braymer,44
2024-12-07,Hume,29,Bronaugh,48
2024-12-07,Milan,43,Brookfield,57
2024-12-07,Cassville,48,Buffalo,46
2024-12-07,Slater,70,Camdenton,71
2024-12-07,Forsyth,73,Carl Junction,74
2024-12-07,Ste. Genevieve,61,Central (Cape Girardeau),71
2024-12-07,Republic,65,Central (Springfield),63
2024-12-07,Marion C. Early,58,Conway,55
2024-12-07,Pierce City,32,Crane,41
2024-12-07,Plato,38,Crocker,66
2024-12-07,Humansville,31,Dadeville,44
2024-12-07,Springfield Catholic,82,Diamond,60
2024-12-07,Westran,57,Dixon,69
2024-12-07,New Heights Christian,51,East Newton,44
2024-12-07,McAuley Catholic,49,El Dorado Springs,37
2024-12-07,California,52,Eldon,31
2024-12-07,Niangua,55,Everton,39
2024-12-07,Verona,28,Exeter,50
2024-12-07,Macks Creek,31,Fair Play,30
2024-12-07,North County,58,Fox,44
2024-12-07,Sikeston,77,Ft. Zumwalt West,50
2024-12-07,Hermann,62,Fulton,41
2024-12-07,Thomas Jefferson Independent Day,42,Galena,74
2024-12-07,Polo,50,Gallatin,55
2024-12-07,New Franklin,54,Glasgow,58
2024-12-07,West Plains,65,Glendale,73
2024-12-07,Wheaton,64,Golden City,70
2024-12-07,Jasper,47,Greenfield,58
2024-12-07,Wheatland,45,Halfway,40
2024-12-07,Confluence Prep Academy Charter,51,Hazelwood Central,60
2024-12-07,Meadville,74,Higbee,38
2024-12-07,Lafayette (Wildwood),31,Kickapoo,57
2024-12-07,Princeton,57,King City,42
2024-12-07,Blue Eye,63,Kingston,41
2024-12-07,South Shelby,45,Kirksville,76
2024-12-07,Weaubleau,50,Knob Noster,46
2024-12-07,Branson,72,Lebanon,52
2024-12-07,North Kansas City,70,Lee's Summit North,76
2024-12-07,Raytown,57,Lee's Summit West,53
2024-12-07,Warsaw,50,Leeton,44
2024-12-07,Park Hill South,47,Liberty,61
2024-12-07,Laquey,64,Licking,85
2024-12-07,South Shelby,44,Lincoln,42
2024-12-07,Rich Hill,60,Lockwood,52
2024-12-07,Lift for Life Academy Charter,59,Lutheran North,56
2024-12-07,Tuscumbia,57,Marionville,63
2024-12-07,Montgomery County,70,Mexico,56
2024-12-07,Bishop LeBlond,56,Mid-Buchanan,61
2024-12-07,St. James,65,Mound City,44
2024-12-07,Union,52,Mountain Grove,47
2024-12-07,Greenwood,67,Norwood,68
2024-12-07,Van-Far,58,Osage,72
2024-12-07,Wellsville-Middletown,47,Osceola,30
2024-12-07,Rolla,51,Ozark,43
2024-12-07,Helias Catholic,44,Parkview,57
2024-12-07,University Academy Charter,47,Paseo Academy,50
2024-12-07,Walnut Grove,53,Pleasant Hope,57
2024-12-07,Miller,67,Purdy,42
2024-12-07,Clark County,55,Putnam County,46
2024-12-07,Senath-Hornersville,48,Schuyler County,57
2024-12-07,Knox County,58,Schuyler County,50
2024-12-07,Northeast (Cairo),60,Salem,47
2024-12-07,Eugene,71,Southern Boone,65
2024-12-07,Willow Springs,62,Winona,68
2024-12-07,Ewing Marion Kauffman,48,St. Charles,70
2024-12-07,Harrisburg,78,Westran,64
2024-12-09,South Callaway,21,Appleton City,56
2024-12-09,Macon County with Bucklin,45,Atlanta,105
2024-12-09,Verona,18,Billings,58
2024-12-09,Eugene,51,Blair Oaks,54
2024-12-09,Thayer,24,Braymer,85
2024-12-09,Drexel,48,Bronaugh,38
2024-12-09,St. Pius X (Kansas City),55,Center,43
2024-12-09,Charleston,56,Central (Cape Girardeau),62
2024-12-09,DeLaSalle Charter (KC),34,Central (St. Joseph),73
2024-12-09,Lutie,32,Chadwick,54
2024-12-09,Knox County,26,Clark County,36
2024-12-09,Sherwood,55,Cole Camp,22
2024-12-09,South Pemiscot,42,Community,43
2024-12-09,North Pemiscot,27,Delta (Deering),71
2024-12-09,Kennett,52,Dexter,55
2024-12-09,Van Buren,63,Eminence,59
2024-12-09,Fordland,38,Galena,78
2024-12-09,Bevier,28,Grundy County with Newtown-Harris,59
2024-12-09,Windsor (Imperial),60,Hillsboro,70
2024-12-09,Central (New Madrid County),39,Jackson,43
2024-12-09,Prairie Home,73,Jamestown,54
2024-12-09,Potosi,68,Jefferson (Festus),49
2024-12-09,Fredericktown,56,Kingston,58
2024-12-09,Northwest (Hughesville),30,Kingsville,54
2024-12-09,Odessa,50,Lafayette County,75
2024-12-09,New Heights Christian,68,Liberal,43
2024-12-09,Monroe City,59,Louisiana,28
2024-12-09,Gloria Deo Academy,30,Mansfield,69
2024-12-09,Bayless,51,Maplewood-Richmond Hts.,68
2024-12-09,Zalma,28,Marquand-Zion,71
2024-12-09,McCluer,32,Marquette,74
2024-12-09,Brentwood,72,McKinley Classical Leadership,64
2024-12-09,Rich Hill,64,Miami (Amoret),31
2024-12-09,Springfield Catholic,59,Monett,30
2024-12-09,North Andrew,70,Mound City,54
2024-12-09,Clearwater,38,Naylor,54
2024-12-09,St. Clair,55,Newburg,50
2024-12-09,Worth County,27,North Nodaway,23
2024-12-09,King City,70,Northeast Nodaway,19
2024-12-09,Weaubleau,55,Osceola,60
2024-12-09,Washington,58,Owensville,45
2024-12-09,Warrenton,50,Priory,47
2024-12-09,Blue Springs,38,Rockhurst,74
2024-12-09,Central (Park Hills),47,Rockwood Summit,82
2024-12-09,Exeter,34,School of the Ozarks,38
2024-12-09,Southeast,49,Sparta,54
2024-12-09,STEAM Academy,44,Soldan International Studies,61
2024-12-09,Lutheran North,44,St. Charles West,38
2024-12-09,Affton,41,West Plains,42
2024-12-09,La Monte,29,Tuscumbia,48
2024-12-09,Grandview (Hillsboro),55,Valley,76
2024-12-09,Dixon,58,Vienna,50
2024-12-09,Lakeland,54,Windsor,51
2024-12-09,East (Kansas City),55,Winnetonka,81
2024-12-10,Harrisonville,66,Adrian,47
2024-12-10,Bell City,59,Advance,76
2024-12-10,Meadville,48,Atlanta,70
2024-12-10,Neosho,73,Aurora,80
2024-12-10,Eminence,45,Bakersfield,47
2024-12-10,Fort Osage,55,Belton,69
2024-12-10,McKinley Classical Leadership,51,Bishop DuBourg,78
2024-12-10,St. Joseph Christian,36,Bishop LeBlond,61
2024-12-10,Gideon,46,Bloomfield,56
2024-12-10,Fair Grove,63,Bolivar,65
2024-12-10,North Callaway,40,Boonville,58
2024-12-10,Richland,51,Bourbon,69
2024-12-10,Northwestern (Mendon),78,Breckenridge,41
2024-12-10,Putnam County,57,Brookfield,53
2024-12-10,Keytesville,14,Brunswick,59
2024-12-10,Eldon,52,Buffalo,63
2024-12-10,Clearwater,42,Bunker,98
2024-12-10,Lincoln,58,Butler,42
2024-12-10,Monett,62,Cabool,32
2024-12-10,Hickman,61,Camdenton,45
2024-12-10,Neelyville,51,Campbell,59
2024-12-10,Clopton,78,Canton,86
2024-12-10,Nevada,62,Carl Junction,49
2024-12-10,Holden,29,Carrollton,58
2024-12-10,Kelly,60,Caruthersville,66
2024-12-10,Clever,55,Cassville,49
2024-12-10,Van-Far,57,Centralia,58
2024-12-10,Wellsville-Middletown,35,Chamois,53
2024-12-10,Kennett,77,Charleston,74
2024-12-10,Plato,60,Climax Springs,58
2024-12-10,Wheatland,48,Clinton,45
2024-12-10,Wellington-Napoleon,78,Concordia,51
2024-12-10,Norwood,92,Conway,48
2024-12-10,Sweet Springs,54,Cooter,40
2024-12-10,Mt. Vernon,50,Crane,49
2024-12-10,Sweet Springs,41,Crest Ridge,68
2024-12-10,Van-Far,59,Crocker,51
2024-12-10,Oak Ridge,58,Delta,65
2024-12-10,Sikeston,79,Dexter,37
2024-12-10,Reeds Spring,51,Diamond,61
2024-12-10,Greenville,70,Doniphan,65
2024-12-10,South Callaway,28,Drexel,51
2024-12-10,Clayton,60,Duchesne,45
2024-12-10,Plattsburg,22,East Buchanan,80
2024-12-10,Chaffee,40,East Prairie,56
2024-12-10,Winona,58,El Dorado Springs,41
2024-12-10,Stanberry,86,Ellington,54
2024-12-10,Summit Christian Academy,90,Ewing Marion Kauffman,33
2024-12-10,Richmond,66,Excelsior Springs,29
2024-12-10,Fox,39,Festus,72
2024-12-10,Eureka,85,Francis Howell,77
2024-12-10,St. Francis Borgia,42,Francis Howell North,52
2024-12-10,Oakville,52,Ft. Zumwalt North,61
2024-12-10,Ritenour,44,Ft. Zumwalt South,50
2024-12-10,Priory,34,Ft. Zumwalt West,60
2024-12-10,Hannibal,39,Fulton,51
2024-12-10,Polo,40,Gallatin,52
2024-12-10,William Chrisman,38,Grain Valley,53
2024-12-10,Raytown,57,Grandview,52
2024-12-10,Bayless,72,Hancock,37
2024-12-10,Thayer,33,Hardin-Central,68
2024-12-10,Liberty (Wentzville),72,Hazelwood West,26
2024-12-10,Linn,31,Hermann,61
2024-12-10,Laquey,64,Hermitage,55
2024-12-10,South Shelby,78,Highland,38
2024-12-10,Hillcrest,97,Hollister,32
2024-12-10,Smithville,93,Houston,68
2024-12-10,Walnut Grove,65,Hurley,50
2024-12-10,Savannah,62,Jefferson (Conception) with South Nodaway,38
2024-12-10,De Smet Jesuit,84,Jennings,42
2024-12-10,Clark County,47,Kirksville,68
2024-12-10,Parkway North,59,Kirkwood,61
2024-12-10,Pleasant Hill,55,Knob Noster,65
2024-12-10,Bevier,33,La Plata,49
2024-12-10,St. Dominic,46,Ladue Horton Watkins,48
2024-12-10,MICDS,79,Lafayette (Wildwood),58
2024-12-10,Leeton,65,Lakeland,41
2024-12-10,Mid-Buchanan,57,Lathrop,38
2024-12-10,West Platte,59,Lawson,56
2024-12-10,West Plains,34,Lee's Summit North,93
2024-12-10,Westran,66,Licking,81
2024-12-10,Brashear,65,Linn County,55
2024-12-10,Orrick,44,Lone Jack,58
2024-12-10,Midway,40,Lutheran (Kansas City),52
2024-12-10,Dadeville,70,Macks Creek,48
2024-12-10,Hallsville,60,Macon,28
2024-12-10,Community,36,Madison,22
2024-12-10,St. Clair,66,Malden,35
2024-12-10,Milan,41,Marceline,38
2024-12-10,Billings,61,Marionville,30
2024-12-10,Mexico,73,Marshall,40
2024-12-10,Lebanon,67,Marshfield,73
2024-12-10,Albany,34,Maysville,70
2024-12-10,Green City,91,Mercer,34
2024-12-10,Crystal City,34,Metro,37
2024-12-10,Schuyler County,35,Moberly,58
2024-12-10,Southern Boone,52,Montgomery County,72
2024-12-10,Hartville,52,Mountain Grove,36
2024-12-10,Greenwood,84,New Covenant Academy,53
2024-12-10,Fayette,47,New Franklin,69
2024-12-10,Belle,52,Newburg,38
2024-12-10,Lutie,55,Niangua,47
2024-12-10,St. Charles,56,North Kansas City,78
2024-12-10,Penney,25,North Platte,81
2024-12-10,Troy Buchanan,58,North Point,64
2024-12-10,Golden City,39,Northeast Vernon County,53
2024-12-10,Seckman,60,Northwest (Cedar Hill),37
2024-12-10,Lutheran St. Charles,59,Orchard Farm,72
2024-12-10,Warsaw,41,Osceola,44
2024-12-10,Mark Twain,35,Palmyra,74
2024-12-10,KIPP KC Legacy,40,Park Hill,70
2024-12-10,Gateway,40,Parkway South,64
2024-12-10,Tri-County,68,Pattonsburg,65
2024-12-10,Valle Catholic,70,Perryville,59
2024-12-10,McAuley Catholic,49,Pierce City,35
2024-12-10,Smithton,75,Pilot Grove,69
2024-12-10,Humansville,44,Pleasant Hope,55
2024-12-10,Notre Dame (Cape Girardeau),41,Poplar Bluff,37
2024-12-10,Union,51,Purdy,46
2024-12-10,Hume,22,Rich Hill,75
2024-12-10,Oran,42,Risco,77
2024-12-10,Roosevelt,13,Riverview Gardens,79
2024-12-10,Faith Christian Academy,48,Rock Port,60
2024-12-10,St. James,58,Rolla,70
2024-12-10,Willard,36,Sarcoxie,75
2024-12-10,Waynesville,39,Salem,40
2024-12-10,St. Paul Lutheran (Concordia),57,Scott County Central,15
2024-12-10,Ste. Genevieve,66,Saxony Lutheran,64
2024-12-10,Novinger,38,Senath-Hornersville,72
2024-12-10,St. Pius X (Festus),22,Seneca,81
2024-12-10,Holcomb,48,Senath-Hornersville,95
2024-12-10,New Haven,50,South Pemiscot,39
2024-12-10,Whitfield,69,SLUH,71
2024-12-10,Fatima,52,Slater,39
2024-12-10,East Newton,57,Tuscumbia,39
2024-12-10,Ash Grove,61,Spokane,53
2024-12-10,Pattonville,54,St. Charles,51
2024-12-10,Father Tolton,43,St. Michael the Archangel,75
2024-12-10,Park Hill South,38,Staley,72
2024-12-10,Cameron,41,Stewartsville with Osborn,49
2024-12-10,Sacred Heart,52,Worth County,33
2024-12-10,Lesterville,64,Wright City,72
2024-12-10,Parkway Central,50,Timberland,84
2024-12-10,St. Elizabeth,47,Trenton,59
2024-12-10,Hazelwood East,62,University City,72
2024-12-10,Lutheran South,76,Valley Park,43
2024-12-10,Lincoln College Prep,58,Versailles,48
2024-12-10,Sarcoxie,60,Verona,27
2024-12-10,Christian Brothers College,71,Vianney,89
2024-12-10,Webb City,27,Washington,62
2024-12-10,DeSoto,41,West County,62
2024-12-10,Galena,93,Wheaton,68
2024-12-10,Gloria Deo Academy,30,Willow Springs,79
2024-12-10,Dora,44,Winona,58
2024-12-10,Leopold,39,Woodland,71
2024-12-10,Northeast Nodaway,28,Worth County,69
2024-12-10,Bowling Green,46,Wright City,34
2024-12-10,Scott County Central,74,Zalma,28
2024-12-11,KIPP KC Legacy,49,Benton,59
2024-12-11,Capital City,57,Blair Oaks,53
2024-12-11,East (Kansas City),41,Center,69
2024-12-11,Kennett,48,Central (New Madrid County),64
2024-12-11,Windsor (Imperial),56,Central (Park Hills),55
2024-12-11,Sparta,43,Central (St. Joseph),56
2024-12-11,California,58,Crocker,54
2024-12-11,Poplar Bluff,43,Dexter,38
2024-12-11,Webster Groves,68,Farmington,72
2024-12-11,Northwest (Cedar Hill),54,Fox,28
2024-12-11,North Point,59,Francis Howell Central,86
2024-12-11,Francis Howell North,41,Ft. Zumwalt South,58
2024-12-11,Liberty (Wentzville),65,Ft. Zumwalt West,40
2024-12-11,Liberty North,53,Grandview,38
2024-12-11,Van Buren,54,Harrisburg,57
2024-12-11,Priory,57,Hazelwood West,61
2024-12-11,Lift for Life Academy Charter,55,Helias Catholic,78
2024-12-11,Savannah,41,Hickman,67
2024-12-11,Lafayette County,67,Hogan Prep Academy Charter,30
2024-12-11,Northwest (Hughesville),44,Jamestown,58
2024-12-11,Warrensburg,34,Jefferson City,65
2024-12-11,Penney,38,Lathrop,54
2024-12-11,Plattsburg,52,Lawson,47
2024-12-11,Central (Kansas City),72,Lincoln College Prep,70
2024-12-11,Whitfield,68,Lutheran St. Charles,44
2024-12-11,Lutheran North,54,Marquette,48
2024-12-11,Maplewood-Richmond Hts.,89,McKinley Classical Leadership,49
2024-12-11,Marion County,23,Monroe City,77
2024-12-11,Rock Bridge,71,North Kansas City,69
2024-12-11,Excelsior Springs,50,Oak Grove,58
2024-12-11,Cardinal Ritter,54,Oak Park,66
2024-12-11,SLUH,45,Orchard Farm,49
2024-12-11,Dixon,51,Osage,69
2024-12-11,Worth County,48,Pilot Grove,39
2024-12-11,Father Tolton,65,Principia,76
2024-12-11,DeLaSalle Charter (KC),18,Southeast,50
2024-12-11,McCluer,37,St. Charles West,45
2024-12-11,Metro,39,STEAM Academy,46
2024-12-11,St. Pius X (Kansas City),43,Winnetonka,58
2024-12-12,Hurley,47,Billings,71
2024-12-12,Crystal City,50,Bishop DuBourg,45
2024-12-12,Moberly,54,Boonville,47
2024-12-12,Springfield Catholic,95,Cabool,18
2024-12-12,Joplin,76,Carl Junction,78
2024-12-12,Hardin-Central,48,Carrollton,64
2024-12-12,Portageville,30,Caruthersville,61
2024-12-12,Hallsville,71,Centralia,49
2024-12-12,Belle,59,Chamois,37
2024-12-12,Canton,61,Clark County,43
2024-12-12,Scott County Central,37,Concordia,55
2024-12-12,Naylor,58,Cooter,44
2024-12-12,Lone Jack,29,Crest Ridge,49
2024-12-12,University Academy Charter,63,Crossroads Prep Charter,41
2024-12-12,Fair Play,42,Dadeville,46
2024-12-12,Risco,83,Delta (Deering),51
2024-12-12,West Platte,21,East Buchanan,72
2024-12-12,Sarcoxie,57,Exeter,44
2024-12-12,Hannibal,31,Fatima,58
2024-12-12,Richland (Essex),70,Gideon,38
2024-12-12,Westran,53,Glasgow,56
2024-12-12,Seneca,62,Glendale,87
2024-12-12,Everton,48,Golden City,75
2024-12-12,Chilhowee,23,Green Ridge,57
2024-12-12,Green City,101,Grundy County with Newtown-Harris,35
2024-12-12,Knob Noster,56,Harrisonville,72
2024-12-12,Webster Groves,60,Hazelwood Central,57
2024-12-12,Mark Twain,51,Highland,40
2024-12-12,Odessa,53,Hogan Prep Academy Charter,60
2024-12-12,Central (Cape Girardeau),60,Jackson,53
2024-12-12,Parkway South,53,Jefferson City,63
2024-12-12,Webster Groves,81,Jennings,42
2024-12-12,Staley,46,Kickapoo,65
2024-12-12,DeKalb,13,King City,66
2024-12-12,Prairie Home,64,Kingsville,65
2024-12-12,Couch,74,Koshkonong,46
2024-12-12,Christian Brothers College,58,Lee's Summit,74
2024-12-12,McAuley Catholic,50,Lockwood,42
2024-12-12,Affton,36,Lutheran South,65
2024-12-12,Iberia,61,Macks Creek,46
2024-12-12,Van-Far,57,Macon,43
2024-12-12,La Plata,59,Macon County with Bucklin,30
2024-12-12,Willow Springs,57,Mansfield,68
2024-12-12,Novinger,48,Marceline,68
2024-12-12,St. Charles West,45,McCluer,37
2024-12-12,John Burroughs,59,McCluer North,40
2024-12-12,Hancock,52,McKinley Classical Leadership,58
2024-12-12,Milan,36,Mercer,37
2024-12-12,North Platte,61,Mid-Buchanan,64
2024-12-12,Wellsville-Middletown,53,Missouri Military Academy,59
2024-12-12,Greenwood,63,Mountain Grove,50
2024-12-12,Puxico,53,Neelyville,42
2024-12-12,Raymore-Peculiar,61,Nevada,37
2024-12-12,Schuyler County,44,North Callaway,36
2024-12-12,Richmond,64,Oak Grove,43
2024-12-12,Lesterville,63,Oak Ridge,59
2024-12-12,Sweet Springs,41,Orrick,63
2024-12-12,Clinton,49,Osage,73
2024-12-12,Linn,49,Owensville,65
2024-12-12,South Shelby,35,Palmyra,43
2024-12-12,Benton,55,Park Hill,51
2024-12-12,Hazelwood East,54,Parkway West,27
2024-12-12,School of the Ozarks,47,Pleasant Hope,65
2024-12-12,Senath-Hornersville,53,Putnam County,58
2024-12-12,Lutheran (Kansas City),43,Rich Hill,71
2024-12-12,St. Francis Borgia,52,Ritenour,44
2024-12-12,Bronaugh,59,South Callaway,49
2024-12-12,Midway,37,Sherwood,49
2024-12-12,Notre Dame (Cape Girardeau),45,Sikeston,70
2024-12-12,Sacred Heart,78,Smithton,74
2024-12-12,Maryville,80,St. Elizabeth,30
2024-12-12,St. Francis Borgia,53,St. Charles West,47
2024-12-12,Northeast Nodaway,25,Vienna,57
2024-12-12,Greenfield,40,Wellsville-Middletown,59
2024-12-12,Warsaw,54,Willard,31
2024-12-12,Purdy,72,Thomas Jefferson Independent Day,64
2024-12-12,William Chrisman,43,St. Charles,70
2024-12-12,Cole Camp,42,Versailles,68
2024-12-12,St. Paul Lutheran (Concordia),49,Wellington-Napoleon,30
2024-12-12,Adrian,74,Windsor,45
2024-12-13,Bayless,52,Affton,50
2024-12-13,Linn County,28,Atlanta,86
2024-12-13,Gainesville,46,Ava,55
2024-12-13,Miller Career Academy,82,Battle,83
2024-12-13,Liberty North,50,Benton,46
2024-12-13,West Nodaway with Nodaway-Holt,38,Bishop LeBlond,42
2024-12-13,Chaffee,41,Bloomfield,47
2024-12-13,North Kansas City,47,Blue Springs South,63
2024-12-13,Chamois,55,Bourbon,35
2024-12-13,Meadville,66,Brashear,49
2024-12-13,Brunswick,88,Braymer,66
2024-12-13,Miami (Amoret),59,Bronaugh,56
2024-12-13,Aurora,79,Buffalo,59
2024-12-13,Gloria Deo Academy,54,Cabool,24
2024-12-13,Hermann,39,California,28
2024-12-13,Malden,61,Campbell,65
2024-12-13,Carthage,47,Carl Junction,55
2024-12-13,Reeds Spring,66,Cassville,30
2024-12-13,Southeast,22,Center,30
2024-12-13,Versailles,45,Central (Kansas City),41
2024-12-13,Winnetonka,48,Central (St. Joseph),39
2024-12-13,Trenton,32,Chillicothe,64
2024-12-13,Senath-Hornersville,72,Clarkton,24
2024-12-13,Marquand-Zion,66,Clearwater,73
2024-12-13,Knox County,33,Clopton,66
2024-12-13,Salem,68,Community,23
2024-12-13,Orrick,36,Concordia,50
2024-12-13,Staley,81,Confluence Prep Academy Charter,68
2024-12-13,Lutie,45,Couch,91
2024-12-13,Valley Park,58,Crystal City,41
2024-12-13,Dixon,48,Cuba,44
2024-12-13,Everton,27,Dadeville,74
2024-12-13,SLUH,47,De Smet Jesuit,78
2024-12-13,DeLaSalle Charter (KC),48,East (Kansas City),87
2024-12-13,Doniphan,50,East Carter,48
2024-12-13,El Dorado Springs,35,East Newton,52
2024-12-13,St. Paul Lutheran (Farmington),45,Ellington,80
2024-12-13,Duchesne,47,Elsberry,56
2024-12-13,Parkway Central,36,Eureka,58
2024-12-13,Purdy,67,Exeter,53
2024-12-13,Golden City,66,Fair Play,58
2024-12-13,Seckman,55,Festus,40
2024-12-13,Hartville,64,Fordland,26
2024-12-13,West Plains,69,Forsyth,58
2024-12-13,Grain Valley,70,Fort Osage,55
2024-12-13,Lafayette (Wildwood),62,Francis Howell,66
2024-12-13,Timberland,77,Francis Howell Central,56
2024-12-13,Marquette,58,Francis Howell North,40
2024-12-13,Lutheran North,35,Ft. Zumwalt South,46
2024-12-13,New Covenant Academy,68,Galena,87
2024-12-13,Gateway Science Charter,39,Gateway,95
2024-12-13,KIPP KC Legacy,63,Grandview,68
2024-12-13,Brentwood,53,Grandview (Hillsboro),29
2024-12-13,Ash Grove,58,Greenfield,43
2024-12-13,Lexington,51,Harrisonville,63
2024-12-13,McCluer North,58,Hazelwood Central,60
2024-12-13,Whitfield,77,Hazelwood West,57
2024-12-13,Vianney,83,Helias Catholic,64
2024-12-13,Rockwood Summit,59,Hillsboro,60
2024-12-13,Ft. Zumwalt North,54,Holt,51
2024-12-13,Niangua,46,Hurley,70
2024-12-13,Notre Dame (Cape Girardeau),45,Jackson,52
2024-12-13,Worth County,48,Jamestown,38
2024-12-13,Maryville,66,Jefferson (Conception) with South Nodaway,33
2024-12-13,Arcadia Valley,49,Jefferson (Festus),64
2024-12-13,Christian Brothers College,70,Jennings,52
2024-12-13,Webster Groves,66,John Burroughs,75
2024-12-13,Liberty,59,Kearney,44
2024-12-13,Worth County,44,King City,47
2024-12-13,Lindbergh,54,Kirkwood,44
2024-12-13,Holden,59,Knob Noster,63
2024-12-13,Seneca,70,Lamar,68
2024-12-13,Vienna,54,Laquey,64
2024-12-13,Plattsburg,50,Lathrop,29
2024-12-13,Camdenton,71,Lebanon,56
2024-12-13,Webster Groves,58,Lee's Summit,60
2024-12-13,Rockhurst,56,Lee's Summit North,40
2024-12-13,Appleton City,45,Leeton,65
2024-12-13,Zalma,17,Leopold,76
2024-12-13,Bunker,54,Liberty (Mountain View),48
2024-12-13,Lakeland,27,Lincoln,54
2024-12-13,Owensville,65,Linn,49
2024-12-13,Jasper,20,Lockwood,54
2024-12-13,Mark Twain,41,Louisiana,54
2024-12-13,Priory,56,Lutheran St. Charles,45
2024-12-13,New Franklin,64,Madison,17
2024-12-13,Springfield Catholic,49,Mansfield,54
2024-12-13,Weaubleau,43,Marion C. Early,53
2024-12-13,Fulton,53,Marshall,66
2024-12-13,Fair Grove,66,Marshfield,31
2024-12-13,Ritenour,39,McCluer,27
2024-12-13,Kelly,72,Meadow Heights,79
2024-12-13,Ladue Horton Watkins,67,MICDS,59
2024-12-13,Maysville,55,Milan,37
2024-12-13,Willow Springs,82,Monett,54
2024-12-13,South Pemiscot,26,Montgomery County,82
2024-12-13,Diamond,34,Mt. Vernon,59
2024-12-13,Wright City,28,New Haven,40
2024-12-13,Thayer,50,Norborne,60
2024-12-13,Vienna,37,North Andrew,74
2024-12-13,St. Joseph Christian,71,North Harrison,62
2024-12-13,Van-Far,71,North Shelby,43
2024-12-13,Glasgow,58,Northeast (Cairo),65
2024-12-13,Hume,24,Northeast Vernon County,58
2024-12-13,Windsor (Imperial),58,Northwest (Cedar Hill),42
2024-12-13,Pilot Grove,62,Northwest (Hughesville),55
2024-12-13,Wheatland,37,Norwood,65
2024-12-13,Schuyler County,77,Novinger,46
2024-12-13,Waynesville,62,Oak Park,71
2024-12-13,St. Vincent,69,Oak Ridge,50
2024-12-13,Excelsior Springs,43,Odessa,57
2024-12-13,Seneca,70,Oran,39
2024-12-13,Liberty (Wentzville),49,Orchard Farm,46
2024-12-13,Logan-Rogersville,60,Ozark,55
2024-12-13,Rolla,61,Pacific,37
2024-12-13,Pattonville,58,Parkway North,56
2024-12-13,Northeast (Kansas City),25,Paseo Academy,58
2024-12-13,Princeton,59,Pattonsburg,34
2024-12-13,Fredericktown,71,Perryville,54
2024-12-13,Dora,29,Plato,36
2024-12-13,Conway,42,Pleasant Hope,43
2024-12-13,Marceline,24,Polo,52
2024-12-13,Central (New Madrid County),35,Poplar Bluff,58
2024-12-13,St. Clair,33,Potosi,75
2024-12-13,Gallatin,55,Putnam County,41
2024-12-13,Advance,45,Puxico,82
2024-12-13,Webb City,50,Raymore-Peculiar,53
2024-12-13,Platte County,52,Raytown,63
2024-12-13,Pembroke Hill,51,Raytown South,43
2024-12-13,Branson,69,Republic,75
2024-12-13,Tuscumbia,53,Richland,63
2024-12-13,Bell City,38,Richland (Essex),54
2024-12-13,Barstow,55,Ruskin,58
2024-12-13,Belle,52,Sarcoxie,68
2024-12-13,Sweet Springs,52,Scott County Central,39
2024-12-13,McAuley Catholic,46,Sarcoxie,34
2024-12-13,Delta,81,Scott County Central,68
2024-12-13,Koshkonong,37,Smithville,69
2024-12-13,Central (Cape Girardeau),52,Sikeston,90
2024-12-13,Blair Oaks,63,Savannah,58
2024-12-13,St. Pius X (Kansas City),62,Sparta,41
2024-12-13,Harrisburg,53,Southern Boone,51
2024-12-13,Holcomb,48,Sweet Springs,78
2024-12-13,Marionville,57,Tuscumbia,64
2024-12-13,Spokane,41,Union,65
2024-12-13,Winfield,51,St. Charles,82
2024-12-13,St. Francis Borgia,53,St. Charles West,47
2024-12-13,Westminster Christian Academy,57,St. Dominic,45
2024-12-13,Salem,51,St. James,59
2024-12-13,Licking,52,Warsaw,39
2024-12-13,South Shelby,58,Winona,71
2024-12-13,Eldon,41,Webb City,37
2024-12-13,Mercer,48,Tri-County,52
2024-12-13,Ft. Zumwalt East,59,Troy Buchanan,63
2024-12-13,Naylor,22,St. Clair,72
2024-12-13,Ste. Genevieve,80,Valle Catholic,61
2024-12-13,West Plains,50,Veritas Christian Academy,40
2024-12-13,Miller,60,Verona,19
2024-12-13,Bolivar,87,Versailles,66
2024-12-13,Ewing Marion Kauffman,48,Warrensburg,36
2024-12-13,Union,43,Warrenton,51
2024-12-13,Hillcrest,73,Willard,61
2024-12-13,Houston,39,Winona,56
2024-12-14,Centralia,53,Boonville,41
2024-12-14,Northeast (Cairo),32,Brunswick,69
2024-12-14,Raymore-Peculiar,61,Carl Junction,58
2024-12-14,Webb City,65,Carthage,68
2024-12-14,Staley,71,Central (Springfield),58
2024-12-14,St. Paul Lutheran (Concordia),50,Crest Ridge,57
2024-12-14,Mid-Buchanan,70,East Buchanan,80
2024-12-14,Saxony Lutheran,34,Farmington,71
2024-12-14,Rockwood Summit,44,Festus,62
2024-12-14,Central (Park Hills),75,Fox,76
2024-12-14,Green City,50,Gallatin,45
2024-12-14,Summit Christian Academy,74,Greenwood,49
2024-12-14,Christian Brothers College,70,Hazelwood Central,53
2024-12-14,Seckman,64,Hillsboro,43
2024-12-14,Oak Grove,54,Hogan Prep Academy Charter,38
2024-12-14,McCluer North,78,Jennings,65
2024-12-14,Nevada,53,Joplin,49
2024-12-14,North County,56,Kingston,54
2024-12-14,Sacred Heart,31,Kingsville,49
2024-12-14,Richmond,68,Lafayette County,51
2024-12-14,McDonald County,65,Lamar,53
2024-12-14,John Burroughs,48,Lee's Summit,52
2024-12-14,Parkway South,62,Liberty,57
2024-12-14,Wellington-Napoleon,42,Lone Jack,51
2024-12-14,South Shelby,69,Marion County,53
2024-12-14,Hallsville,62,Moberly,29
2024-12-14,Palmyra,47,Monroe City,51
2024-12-14,West Platte,48,North Platte,41
2024-12-14,Tarkio with Fairfax,64,Northwestern (Mendon),30
2024-12-14,Smithton,68,Prairie Home,83
2024-12-14,Pembroke Hill,51,Raytown South,43
2024-12-14,University Academy Charter,40,Rock Port,45
2024-12-14,Van-Far,79,Schuyler County,50
2024-12-14,St. Pius X (Festus),43,Stanberry,58
2024-12-14,West County,55,Warsaw,67
2024-12-14,Webster Groves,69,Webster Groves,73
2024-12-14,West Nodaway with Nodaway-Holt,38,Westran,46
2024-12-16,Metro,54,Affton,67
2024-12-16,DeLaSalle Charter (KC),66,Archie,57
2024-12-16,Tipton,44,Belle,36
2024-12-16,Higbee,42,Bevier,33
2024-12-16,Maplewood-Richmond Hts.,77,Bishop DuBourg,57
2024-12-16,La Plata,28,Brunswick,66
2024-12-16,Bradleyville,44,Cabool,63
2024-12-16,Plattsburg,34,Central (Kansas City),71
2024-12-16,St. Clair,80,Clearwater,35
2024-12-16,La Monte,36,Columbia Independent,49
2024-12-16,Windsor,46,Crest Ridge,59
2024-12-16,Sarcoxie,61,Cuba,77
2024-12-16,Lincoln College Prep,60,East Buchanan,58
2024-12-16,Neelyville,49,Eminence,56
2024-12-16,Linn,38,Fatima,71
2024-12-16,Ft. Zumwalt West,64,Ft. Zumwalt East,32
2024-12-16,Macon County with Bucklin,37,Grundy County with Newtown-Harris,53
2024-12-16,Fair Play,18,Halfway,63
2024-12-16,Pleasant Hill,50,Harrisonville,65
2024-12-16,Senath-Hornersville,66,Highland,31
2024-12-16,Hayti,103,Holcomb,39
2024-12-16,Ewing Marion Kauffman,61,Holden,21
2024-12-16,McDonald County,65,Lamar,53
2024-12-16,Lexington,43,Lawson,41
2024-12-16,Green Ridge,54,Leeton,49
2024-12-16,Winona,46,Lesterville,44
2024-12-16,Fox,26,Lindbergh,76
2024-12-16,Jasper,33,McAuley Catholic,59
2024-12-16,Lutheran St. Charles,52,Miller Career Academy,81
2024-12-16,South Pemiscot,58,Missouri Military Academy,52
2024-12-16,Everton,41,New Covenant Academy,91
2024-12-16,North Andrew,57,North Nodaway,28
2024-12-16,Linn County,31,Northwestern (Mendon),43
2024-12-16,Crystal City,50,Oak Ridge,62
2024-12-16,Webb City,32,Osage,69
2024-12-16,Timberland,84,Parkway North,54
2024-12-16,Dexter,50,Richland (Essex),52
2024-12-16,Lee's Summit North,48,Rockhurst,73
2024-12-16,Naylor,54,Senath-Hornersville,78
2024-12-16,Marshall,47,Savannah,94
2024-12-16,Grandview (Hillsboro),23,St. Clair,44
2024-12-16,Owensville,33,St. Francis Borgia,62
2024-12-16,STEAM Academy,39,St. Pius X (Festus),64
2024-12-16,Knob Noster,58,Willard,55
2024-12-16,Oak Grove,81,Sweet Springs,44
2024-12-16,Lockwood,59,Thomas Jefferson Independent Day,54
2024-12-16,Marquand-Zion,47,Valley,75
2024-12-16,Greenfield,60,Verona,30
2024-12-16,Hogan Prep Academy Charter,43,Warrensburg,49
2024-12-16,California,47,Warsaw,46
2024-12-16,Lutheran (Kansas City),29,West Platte,63
2024-12-16,South Shelby,43,Westran,48
2024-12-16,St. Charles West,49,Winfield,30
2024-12-16,Central (St. Joseph),50,Winnetonka,76
2024-12-17,Rich Hill,54,Adrian,49
2024-12-17,Midway,29,Appleton City,46
2024-12-17,Valley Park,55,Bayless,39
2024-12-17,Leopold,46,Bell City,53
2024-12-17,Novinger,69,Bevier,32
2024-12-17,Slater,51,Blair Oaks,58
2024-12-17,Fulton,40,Boonville,60
2024-12-17,Newburg,70,Bourbon,45
2024-12-17,Milan,79,Brashear,67
2024-12-17,Northwestern (Mendon),40,Braymer,87
2024-12-17,Trenton,67,Brookfield,55
2024-12-17,South Shelby,49,Buffalo,64
2024-12-17,Centralia,45,California,44
2024-12-17,Marshfield,58,Camdenton,64
2024-12-17,Lawson,49,Cameron,58
2024-12-17,Hickman,56,Capital City,42
2024-12-17,East Newton,37,Carthage,53
2024-12-17,DeSoto,48,Central (Park Hills),52
2024-12-17,Lakeland,64,Chilhowee,42
2024-12-17,Macon,35,Chillicothe,63
2024-12-17,Doniphan,72,Clarkton,56
2024-12-17,Halfway,71,Climax Springs,47
2024-12-17,Versailles,64,Clinton,66
2024-12-17,Warsaw,45,Cole Camp,22
2024-12-17,Gideon,69,Cooter,66
2024-12-17,Cabool,18,Couch,58
2024-12-17,Bradleyville,44,Crane,85
2024-12-17,Licking,52,Crocker,62
2024-12-17,Stewartsville with Osborn,83,DeKalb,20
2024-12-17,Meadow Heights,65,Delta,74
2024-12-17,Jackson,62,Dexter,46
2024-12-17,Tuscumbia,64,Diamond,74
2024-12-17,Fordland,65,Dora,40
2024-12-17,Lone Jack,59,Drexel,62
2024-12-17,North Pemiscot,20,East Carter,96
2024-12-17,Wellsville-Middletown,64,El Dorado Springs,41
2024-12-17,Clopton,71,Elsberry,62
2024-12-17,St. Charles,83,Excelsior Springs,36
2024-12-17,Branson,73,Fair Grove,62
2024-12-17,Helias Catholic,47,Father Tolton,67
2024-12-17,Windsor (Imperial),70,Festus,56
2024-12-17,Warrenton,56,Francis Howell North,43
2024-12-17,Bismarck,38,Fredericktown,80
2024-12-17,St. Charles,61,Ft. Zumwalt East,42
2024-12-17,Francis Howell Central,40,Ft. Zumwalt North,53
2024-12-17,St. Elizabeth,44,Gallatin,57
2024-12-17,Kairos Charter,20,Gateway,55
2024-12-17,Dadeville,75,Golden City,66
2024-12-17,Marion C. Early,55,Greenfield,62
2024-12-17,Portageville,57,Greenville,56
2024-12-17,Billings,49,Greenwood,76
2024-12-17,Frontier School of Excellence Charter,55,Guadalupe Centers Charter,23
2024-12-17,Eugene,56,Hallsville,54
2024-12-17,Brentwood,65,Hancock,35
2024-12-17,Pleasant Hill,50,Harrisonville,65
2024-12-17,Neelyville,31,Hartville,58
2024-12-17,Southern Boone,43,Hermann,57
2024-12-17,Otterville,37,Hermitage,67
2024-12-17,Norborne,24,Higbee,75
2024-12-17,Republic,68,Hillcrest,53
2024-12-17,Perryville,54,Hillsboro,78
2024-12-17,Lincoln,53,Iberia,50
2024-12-17,Tarkio with Fairfax,36,Jefferson (Conception) with South Nodaway,60
2024-12-17,Glendale,68,Joplin,64
2024-12-17,Grain Valley,56,Kearney,36
2024-12-17,Central (New Madrid County),61,Kennett,71
2024-12-17,Hardin-Central,54,Keytesville,26
2024-12-17,Herculaneum,27,Kingston,51
2024-12-17,Green Ridge,57,Kingsville,46
2024-12-17,McKinley Classical Leadership,65,KIPP St. Louis Sr.,88
2024-12-17,Schuyler County,56,Knox County,40
2024-12-17,Richland,46,Laquey,81
2024-12-17,Bolivar,70,Lebanon,50
2024-12-17,Park Hill,61,Lee's Summit West,50
2024-12-17,Lamar,75,Liberal,35
2024-12-17,Park Hill South,57,Liberty North,55
2024-12-17,Meadville,60,Linn County,54
2024-12-17,Bowling Green,65,Louisiana,31
2024-12-17,Northeast (Cairo),80,Madison,27
2024-12-17,Charleston,88,Malden,38
2024-12-17,Spokane,34,Mansfield,67
2024-12-17,Putnam County,76,Marceline,47
2024-12-17,Clever,55,Marionville,44
2024-12-17,Odessa,50,Maryville,64
2024-12-17,Polo,30,Maysville,70
2024-12-17,Kirksville,38,Mexico,55
2024-12-17,Lafayette (St. Joseph),75,Mid-Buchanan,73
2024-12-17,Hannibal,53,Moberly,69
2024-12-17,Neosho,50,Monett,42
2024-12-17,Mark Twain,33,Monroe City,81
2024-12-17,Wright City,19,Montgomery County,77
2024-12-17,Reeds Spring,39,Mt. Vernon,59
2024-12-17,University Academy Charter,33,Nevada,62
2024-12-17,Chamois,45,New Bloomfield,42
2024-12-17,St. James,66,New Haven,26
2024-12-17,Chadwick,64,Niangua,11
2024-12-17,Van-Far,66,North Callaway,52
2024-12-17,Northeast Nodaway,32,North Nodaway,51
2024-12-17,Mound City,38,North Platte,88
2024-12-17,Lincoln College Prep,79,Northeast (Kansas City),17
2024-12-17,Hazelwood West,39,Northwest (Cedar Hill),48
2024-12-17,Smithton,62,Northwest (Hughesville),44
2024-12-17,East Prairie,68,Oran,41
2024-12-17,Lathrop,71,Orrick,49
2024-12-17,Hume,29,Osceola,65
2024-12-17,Parkway West,44,Pattonville,60
2024-12-17,Wellington-Napoleon,57,Penney,66
2024-12-17,Purdy,50,Pierce City,53
2024-12-17,Glasgow,86,Pilot Grove,53
2024-12-17,Belton,55,Platte County,58
2024-12-17,Tuscumbia,60,Prairie Home,85
2024-12-17,North Harrison,38,Princeton,83
2024-12-17,Lift for Life Academy Charter,49,Principia,80
2024-12-17,Fort Osage,69,Raytown,72
2024-12-17,Blue Springs,54,Raytown South,48
2024-12-17,Knob Noster,26,Richmond,78
2024-12-17,Central (Kansas City),31,Rock Bridge,87
2024-12-17,St. James,54,Rock Port,49
2024-12-17,Fox,30,Rockwood Summit,60
2024-12-17,Raymore-Peculiar,55,Ruskin,63
2024-12-17,Scott County Central,43,Sacred Heart,74
2024-12-17,Wheaton,51,Sarcoxie,57
2024-12-17,North County,54,Saxony Lutheran,44
2024-12-17,Kelly,47,Seneca,87
2024-12-17,Oakville,53,Seckman,58
2024-12-17,Willow Springs,49,Smithville,68
2024-12-17,New Franklin,49,Salem,51
2024-12-17,Arcadia Valley,38,Stanberry,65
2024-12-17,Canton,53,South Shelby,48
2024-12-17,Center,60,Southeast,19
2024-12-17,Ash Grove,52,Union,54
2024-12-17,Cassville,40,Springfield Catholic,76
2024-12-17,Owensville,45,St. Clair,24
2024-12-17,Dixon,59,Van-Far,62
2024-12-17,Carrollton,33,St. Paul Lutheran (Concordia),59
2024-12-17,Chaffee,48,St. Vincent,46
2024-12-17,King City,45,Vienna,47
2024-12-17,Jefferson (Festus),45,Ste. Genevieve,70
2024-12-17,Valley,57,Warsaw,74
2024-12-17,Mountain Grove,48,Winona,70
2024-12-17,Community,24,Worth County,70
2024-12-17,Sarcoxie,65,Webb City,41
2024-12-17,Winona,66,Wright City,41
2024-12-17,Lafayette County,70,Sweet Springs,36
2024-12-17,St. Joseph Christian,77,Tri-County,50
2024-12-17,Hayti,79,St. Clair,63
2024-12-17,Pacific,43,Union,73
2024-12-17,Crystal City,43,Valle Catholic,58
2024-12-17,Sparta,58,Versailles,71
2024-12-17,Galena,77,Walnut Grove,70
2024-12-17,North Point,41,Washington,72
2024-12-17,South Callaway,29,Weaubleau,77
2024-12-17,Union Star,20,West Nodaway with Nodaway-Holt,70
2024-12-17,Willard,76,West Plains,70
2024-12-17,Fayette,32,Westran,77
2024-12-17,Pleasant Hope,37,Wheatland,75
2024-12-17,Bernie,41,Woodland,56
2024-12-17,Albany,45,Worth County,48
2024-12-18,Parkway South,73,Affton,30
2024-12-18,Midway,32,Archie,36
2024-12-18,Linn,38,Belle,56
2024-12-18,Pleasant Hill,49,Butler,43
2024-12-18,Seneca,49,Forsyth,80
2024-12-18,SLUH,62,Ft. Zumwalt West,48
2024-12-18,Sherwood,45,Holden,39
2024-12-18,Marion County,57,La Plata,47
2024-12-18,Drexel,49,Leeton,35
2024-12-18,Blue Springs South,66,Liberty,67
2024-12-18,Metro,19,Maplewood-Richmond Hts.,67
2024-12-18,Bourbon,50,New Haven,54
2024-12-18,Caruthersville,66,Notre Dame (Cape Girardeau),71
2024-12-18,Hazelwood East,69,Ritenour,52
2024-12-18,Winfield,49,South Pemiscot,32
2024-12-18,Father Tolton,81,Webster Groves,76
2024-12-18,Parkway North,53,University City,76
2024-12-18,Missouri Military Academy,53,Veritas Christian Academy,58
2024-12-19,University Academy Charter,43,Adrian,55
2024-12-19,Valley Park,67,Affton,32
2024-12-19,DeLaSalle Charter (KC),37,Appleton City,44
2024-12-19,Liberty (Mountain View),46,Bakersfield,48
2024-12-19,Bernie,64,Bell City,51
2024-12-19,Maryville,44,Bishop LeBlond,56
2024-12-19,Highland,20,Bowling Green,73
2024-12-19,Ozark,67,Branson,63
2024-12-19,Green City,67,Braymer,60
2024-12-19,Schuyler County,56,Brookfield,39
2024-12-19,Pleasant Hill,49,Butler,43
2024-12-19,Gideon,50,Campbell,62
2024-12-19,Faith Christian Academy,60,Central (Kansas City),74
2024-12-19,North Pemiscot,25,Clarkton,69
2024-12-19,Greenville,64,Clarkton,51
2024-12-19,Lesterville,76,Clearwater,57
2024-12-19,Higbee,67,Clopton,62
2024-12-19,Sweet Springs,37,Cole Camp,54
2024-12-19,Koshkonong,44,Couch,59
2024-12-19,Cassville,56,Diamond,58
2024-12-19,East Carter,40,Doniphan,58
2024-12-19,Hartville,38,Eminence,31
2024-12-19,Gainesville,47,Eminence,48
2024-12-19,Lafayette (Wildwood),51,Eureka,49
2024-12-19,Central (Cape Girardeau),62,Farmington,72
2024-12-19,Tipton,39,Fatima,80
2024-12-19,Elsberry,51,Ft. Zumwalt East,36
2024-12-19,Kairos Charter,37,Gateway Science Charter,60
2024-12-19,Fordland,85,Golden City,58
2024-12-19,Mexico,74,Hannibal,40
2024-12-19,Prairie Home,74,Hermitage,78
2024-12-19,Macks Creek,55,Humansville,60
2024-12-19,Bronaugh,52,Hume,43
2024-12-19,Northwest (Hughesville),50,Iberia,68
2024-12-19,Central (Park Hills),76,Jefferson (Festus),49
2024-12-19,Scott County Central,73,Kelly,67
2024-12-19,Grandview (Hillsboro),25,Kingston,59
2024-12-19,Oak Park,75,Lafayette (St. Joseph),35
2024-12-19,Belton,57,Lee's Summit,60
2024-12-19,Hazelwood West,49,Liberty (Wentzville),72
2024-12-19,Smithton,42,Lincoln,51
2024-12-19,Parkway Central,45,Lindbergh,67
2024-12-19,Greenfield,38,Lockwood,54
2024-12-19,Thayer,44,Logan-Rogersville,73
2024-12-19,Madison,39,Macon County with Bucklin,71
2024-12-19,La Plata,43,Marceline,45
2024-12-19,Linn County,55,Mercer,45
2024-12-19,Troy Buchanan,37,Monroe City,65
2024-12-19,Rich Hill,33,Nevada,57
2024-12-19,Fair Play,48,New Covenant Academy,62
2024-12-19,Princeton,52,North Andrew,42
2024-12-19,Lee's Summit North,52,North Kansas City,73
2024-12-19,Ft. Zumwalt North,55,North Point,48
2024-12-19,Westran,69,North Shelby,54
2024-12-19,Schuyler County,37,Northeast (Cairo),39
2024-12-19,McAuley Catholic,37,Northeast Vernon County,31
2024-12-19,Bismarck,53,Oak Ridge,69
2024-12-19,Lexington,75,Orrick,29
2024-12-19,Cuba,50,Osage,51
2024-12-19,Windsor,27,Osceola,59
2024-12-19,Tuscumbia,54,Otterville,69
2024-12-19,California,37,Owensville,27
2024-12-19,Rock Bridge,48,Park Hill,57
2024-12-19,KIPP KC Legacy,64,Paseo Academy,24
2024-12-19,Hurley,60,Pleasant Hope,87
2024-12-19,Tri-County,35,Polo,62
2024-12-19,Risco,59,Portageville,32
2024-12-19,West County,49,Potosi,55
2024-12-19,Excelsior Springs,30,Raytown South,79
2024-12-19,Carrollton,63,Scott County Central,46
2024-12-19,Delta (Deering),52,Senath-Hornersville,63
2024-12-19,Herculaneum,48,St. Clair,52
2024-12-19,St. Paul Lutheran (Concordia),57,Willard,41
2024-12-19,Pilot Grove,70,Worth County,55
2024-12-19,Richmond,46,Summit Christian Academy,82
2024-12-19,Van Buren,67,St. Clair,75
2024-12-19,Crystal City,41,Valley,65
2024-12-19,Clever,61,Walnut Grove,44
2024-12-19,Versailles,59,Warrensburg,48
2024-12-19,Jasper,44,Wheaton,71
2024-12-20,Pleasant Hill,56,Adrian,43
2024-12-20,Vienna,39,Albany,43
2024-12-20,Willow Springs,80,Alton,54
2024-12-20,Saxony Lutheran,47,Arcadia Valley,48
2024-12-20,Sherwood,46,Archie,43
2024-12-20,Hartville,42,Bakersfield,37
2024-12-20,Sarcoxie,59,Belle,52
2024-12-20,Keytesville,31,Bevier,62
2024-12-20,Advance,40,Bloomfield,48
2024-12-20,Aurora,80,Bolivar,93
2024-12-20,Atlanta,79,Brashear,49
2024-12-20,Meadville,45,Cameron,59
2024-12-20,Southeast,41,Central (Kansas City),84
2024-12-20,St. Paul Lutheran (Farmington),26,Central (Park Hills),60
2024-12-20,Stanberry,53,Chadwick,57
2024-12-20,Scott County Central,33,Chaffee,73
2024-12-20,Kennett,62,Charleston,81
2024-12-20,Norborne,49,Chilhowee,61
2024-12-20,Centralia,45,Chillicothe,47
2024-12-20,Greenville,64,Clarkton,51
2024-12-20,Lutheran South,87,Clayton,94
2024-12-20,Zalma,34,Clearwater,71
2024-12-20,East Newton,52,Clever,37
2024-12-20,Mark Twain,19,Clopton,74
2024-12-20,Green Ridge,44,Concordia,58
2024-12-20,Dora,48,Couch,62
2024-12-20,Leeton,52,Crest Ridge,46
2024-12-20,Christian Brothers College,54,De Smet Jesuit,73
2024-12-20,Gideon,49,Delta (Deering),39
2024-12-20,North County,64,DeSoto,32
2024-12-20,Woodland,78,Dexter,60
2024-12-20,Risco,82,Doniphan,53
2024-12-20,St. Francis Borgia,67,Duchesne,41
2024-12-20,Portageville,48,East Carter,44
2024-12-20,Van-Far,61,Eugene,67
2024-12-20,South Callaway,61,Everton,64
2024-12-20,Blue Eye,73,Exeter,33
2024-12-20,Conway,63,Fordland,83
2024-12-20,Spokane,59,Forsyth,86
2024-12-20,Ruskin,67,Fort Osage,77
2024-12-20,Seckman,60,Fox,24
2024-12-20,Francis Howell,60,Francis Howell Central,51
2024-12-20,Soldan International Studies,50,Francis Howell North,54
2024-12-20,Valle Catholic,69,Fredericktown,67
2024-12-20,Wright City,43,Gainesville,61
2024-12-20,Golden City,44,Gloria Deo Academy,56
2024-12-20,St. Charles,40,Grain Valley,49
2024-12-20,Marquand-Zion,57,Grandview (Hillsboro),54
2024-12-20,Harrisburg,53,Hallsville,70
2024-12-20,Northwestern (Mendon),41,Hardin-Central,28
2024-12-20,St. Dominic,56,Hickman,70
2024-12-20,Parkview,66,Hillcrest,56
2024-12-20,Windsor (Imperial),47,Hillsboro,42
2024-12-20,St. Pius X (Kansas City),69,Hogan Prep Academy Charter,43
2024-12-20,Midway,49,Holden,48
2024-12-20,Timberland,63,Holt,58
2024-12-20,Galena,79,Hurley,31
2024-12-20,Festus,45,Jackson,73
2024-12-20,Southern Boone,58,Jefferson City,63
2024-12-20,Carl Junction,53,Joplin,47
2024-12-20,Sparta,35,Kearney,60
2024-12-20,Battle,56,Kickapoo,69
2024-12-20,St. Joseph Christian,47,King City,51
2024-12-20,Fulton,48,Kirksville,61
2024-12-20,Lone Jack,40,Lafayette County,72
2024-12-20,Lawson,58,Lathrop,24
2024-12-20,Blue Springs South,50,Lee's Summit West,43
2024-12-20,Delta,60,Leopold,66
2024-12-20,Wellington-Napoleon,46,Lexington,77
2024-12-20,Neelyville,52,Liberty (Mountain View),56
2024-12-20,Liberty,58,Liberty North,47
2024-12-20,Laquey,67,Licking,97
2024-12-20,Conway,64,Lincoln College Prep,45
2024-12-20,Verona,37,Lockwood,74
2024-12-20,Ava,18,Logan-Rogersville,61
2024-12-20,Lutheran North,49,Lutheran St. Charles,54
2024-12-20,Savannah,52,Macon,27
2024-12-20,Calvary Lutheran,57,Madison,23
2024-12-20,Mountain Grove,73,Mansfield,71
2024-12-20,New Covenant Academy,64,Marion C. Early,57
2024-12-20,Crane,41,Marionville,36
2024-12-20,Bismarck,45,Meadow Heights,69
2024-12-20,Rockwood Summit,47,Mehlville,46
2024-12-20,Sarcoxie,40,Miller,71
2024-12-20,Marshall,59,Moberly,62
2024-12-20,Hollister,52,Monett,75
2024-12-20,Seneca,55,Neosho,63
2024-12-20,Hume,47,Nevada,58
2024-12-20,Northland Christian,42,New Franklin,46
2024-12-20,Diamond,48,New Heights Christian,58
2024-12-20,Confluence Prep Academy Charter,60,Normandy Collaborative,62
2024-12-20,Bishop LeBlond,57,North Andrew,38
2024-12-20,Louisiana,59,North Callaway,75
2024-12-20,Pattonsburg,43,North Harrison,61
2024-12-20,West Platte,40,North Platte,58
2024-12-20,DeKalb,28,Northeast Nodaway,37
2024-12-20,Macon County with Bucklin,43,Novinger,54
2024-12-20,East Prairie,83,Oak Ridge,34
2024-12-20,New Haven,26,Pacific,60
2024-12-20,Benton,74,Park Hill South,50
2024-12-20,Mid-Buchanan,84,Penney,46
2024-12-20,Houston,56,Plato,65
2024-12-20,East Buchanan,82,Plattsburg,44
2024-12-20,Milan,20,Polo,61
2024-12-20,Capital City,52,Poplar Bluff,45
2024-12-20,Bayless,44,Priory,65
2024-12-20,Maysville,62,Putnam County,52
2024-12-20,Blue Springs,50,Raymore-Peculiar,35
2024-12-20,Clinton,54,Reeds Spring,57
2024-12-20,Raytown,45,Rockhurst,66
2024-12-20,Blair Oaks,36,Rolla,54
2024-12-20,Camdenton,67,Salem,57
2024-12-20,Brunswick,64,Schuyler County,51
2024-12-20,Marion County,54,Senath-Hornersville,65
2024-12-20,Campbell,75,Senath-Hornersville,65
2024-12-20,Notre Dame (Cape Girardeau),53,Sikeston,62
2024-12-20,Van-Far,78,South Pemiscot,31
2024-12-20,Marceline,60,St. Elizabeth,74
2024-12-20,West Nodaway with Nodaway-Holt,62,St. James,38
2024-12-20,Brookfield,39,South Shelby,46
2024-12-20,Mt. Vernon,42,Springfield Catholic,52
2024-12-20,Union,65,St. James,61
2024-12-20,Seneca,79,St. Vincent,40
2024-12-20,Gateway Science Charter,49,STEAM Academy,52
2024-12-20,Rock Port,60,Stewartsville with Osborn,30
2024-12-20,Buffalo,40,Wellsville-Middletown,57
2024-12-20,Richland,44,Westran,91
2024-12-20,Linn,35,Webb City,55
2024-12-20,Mound City,47,Tarkio with Fairfax,69
2024-12-20,Gallatin,54,Trenton,38
2024-12-20,Jefferson (Conception) with South Nodaway,69,Union Star,13
2024-12-20,Columbia Independent,66,Veritas Christian Academy,75
2024-12-20,Savannah,92,Versailles,55
2024-12-20,Chaminade College Prep,77,Vianney,63
2024-12-20,Chamois,41,Vienna,39
2024-12-20,Eldon,62,Warsaw,63
2024-12-20,Ft. Zumwalt South,40,Washington,48
2024-12-20,Montgomery County,101,Wellsville-Middletown,35
2024-12-20,Whitfield,56,Westminster Christian Academy,83
2024-12-20,Purdy,85,Wheaton,44
2024-12-20,Marshfield,38,Willard,59
2024-12-20,Platte County,72,William Chrisman,50
2024-12-20,Warrenton,63,Wright City,33
2024-12-21,Pleasant Hill,56,Adrian,43
2024-12-21,Ewing Marion Kauffman,65,Appleton City,42
2024-12-21,Niangua,35,Billings,80
2024-12-21,Weaubleau,38,Bishop LeBlond,55
2024-12-21,Koshkonong,75,Bradleyville,68
2024-12-21,University Academy Charter,37,Butler,46
2024-12-21,Chillicothe,45,Central (St. Joseph),47
2024-12-21,Everton,8,Chadwick,78
2024-12-21,South Shelby,65,Clinton,41
2024-12-21,St. Paul Lutheran (Concordia),48,Cole Camp,33
2024-12-21,Tipton,50,Cuba,58
2024-12-21,St. Joseph Christian,66,DeKalb,22
2024-12-21,Marion C. Early,27,El Dorado Springs,51
2024-12-21,Humansville,36,Galena,53
2024-12-21,Ash Grove,69,Greenfield,64
2024-12-21,King City,47,Grundy County with Newtown-Harris,37
2024-12-21,Kairos Charter,38,Hancock,50
2024-12-21,Princeton,70,Hardin-Central,21
2024-12-21,Worth County,33,Harrisburg,60
2024-12-21,Nevada,36,Harrisonville,53
2024-12-21,Lincoln,59,Hermitage,41
2024-12-21,Marionville,64,Hollister,71
2024-12-21,Otterville,46,Iberia,91
2024-12-21,North Platte,69,Jefferson (Conception) with South Nodaway,71
2024-12-21,Webster Groves,95,Jefferson City,86
2024-12-21,Sacred Heart,68,Kingsville,61
2024-12-21,Hurley,46,Lamar,84
2024-12-21,Mid-Buchanan,79,Maysville,53
2024-12-21,Bishop DuBourg,47,Metro,34
2024-12-21,Fort Osage,47,MICDS,60
2024-12-21,Tuscumbia,50,Northwest (Hughesville),54
2024-12-21,Fatima,47,Osage,36
2024-12-21,William Chrisman,58,Paseo Academy,47
2024-12-21,Walnut Grove,44,Pierce City,54
2024-12-21,Smithton,47,Prairie Home,71
2024-12-21,Thayer,58,Puxico,50
2024-12-21,Warsaw,55,Scott County Central,18
2024-12-21,Gateway,54,SLUH,79
2024-12-21,Summit Christian Academy,45,Savannah,62
2024-12-21,Winona,81,Slater,45
2024-12-21,Wheatland,54,Van-Far,51
2024-12-21,Lathrop,53,Warsaw,71
2024-12-21,Worth County,34,Trenton,76
2024-12-21,Montgomery County,67,University City,65
2024-12-21,Greenwood,74,Warrensburg,39
2024-12-21,St. Pius X (Festus),43,Waynesville,67
2024-12-22,Rock Bridge,48,Kickapoo,58
2024-12-22,Helias Catholic,61,Logan-Rogersville,55
2024-12-22,Principia,74,Sikeston,69
2024-12-23,Lamar,74,Ash Grove,62
2024-12-23,Kairos Charter,20,Bishop DuBourg,55
2024-12-23,West Platte,35,Bishop LeBlond,55
2024-12-23,El Dorado Springs,20,Chadwick,68
2024-12-23,St. Charles,60,Clayton,74
2024-12-23,MICDS,63,Duchesne,27
2024-12-23,Marion C. Early,76,Everton,38
2024-12-23,Francis Howell,55,Ft. Zumwalt North,54
2024-12-23,Hazelwood East,65,Ft. Zumwalt North,59
2024-12-23,South Callaway,27,Golden City,84
2024-12-23,Hurley,51,Greenfield,53
2024-12-23,Parkway South,60,Hazelwood East,54
2024-12-23,Jennings,73,Hazelwood East,87
2024-12-23,St. Charles,57,Hazelwood East,69
2024-12-23,Knox County,55,Highland,64
2024-12-23,Billings,59,Hollister,42
2024-12-23,Ladue Horton Watkins,86,Jennings,44
2024-12-23,Maplewood-Richmond Hts.,36,Kirkwood,72
2024-12-23,Niangua,33,Marionville,67
2024-12-23,Hancock,52,Metro,41
2024-12-23,Christian Brothers College,77,Parkway Central,29
2024-12-23,Walnut Grove,64,Verona,36
2024-12-26,Central (Cape Girardeau),70,Advance,41
2024-12-26,Bayless,58,Affton,48
2024-12-26,Mansfield,60,Alton,30
2024-12-26,Willow Springs,80,Aurora,88
2024-12-26,Hartville,57,Ava,33
2024-12-26,Gateway Science Charter,19,Bakersfield,74
2024-12-26,Meadow Heights,48,Bell City,53
2024-12-26,Portageville,47,Bernie,58
2024-12-26,Risco,51,Bloomfield,31
2024-12-26,Kickapoo,91,Buffalo,33
2024-12-26,Norwood,88,Cabool,24
2024-12-26,Bolivar,75,Camdenton,40
2024-12-26,Benton,87,Carl Junction,65
2024-12-26,Oran,34,Chaffee,39
2024-12-26,Scott County Central,45,Charleston,76
2024-12-26,Christian Brothers College,77,Clayton,63
2024-12-26,Republic,74,Clever,21
2024-12-26,Tipton,38,Crocker,67
2024-12-26,Climax Springs,51,Dadeville,53
2024-12-26,Notre Dame (Cape Girardeau),80,Delta,42
2024-12-26,Hillsboro,71,DeSoto,32
2024-12-26,Malden,33,Dexter,66
2024-12-26,Van Buren,74,Doniphan,73
2024-12-26,Liberty (Mountain View),76,Dora,42
2024-12-26,Kennett,60,East Carter,44
2024-12-26,Holcomb,25,East Prairie,79
2024-12-26,Gainesville,47,Eminence,48
2024-12-26,Spokane,37,Fair Grove,76
2024-12-26,Crystal City,39,Farmington,92
2024-12-26,Central (Park Hills),57,Festus,53
2024-12-26,Bunker,69,Fox,27
2024-12-26,Timberland,58,Francis Howell Central,55
2024-12-26,Puxico,66,Gideon,32
2024-12-26,Bishop DuBourg,49,Hancock,31
2024-12-26,Principia,92,Hazelwood West,29
2024-12-26,Crane,34,Hillcrest,76
2024-12-26,Osceola,51,Humansville,30
2024-12-26,Oak Ridge,20,Jackson,82
2024-12-26,Seneca,93,Kelly,31
2024-12-26,St. Vincent,54,Kingston,47
2024-12-26,MICDS,68,Kirkwood,70
2024-12-26,Parkway South,55,Ladue Horton Watkins,61
2024-12-26,Nixa,83,Lebanon,49
2024-12-26,Woodland,80,Leopold,44
2024-12-26,Plato,53,Licking,64
2024-12-26,Union,15,Logan-Rogersville,55
2024-12-26,West Plains,69,Marshfield,44
2024-12-26,Waynesville,37,Mexico,55
2024-12-26,Winona,70,Miller,56
2024-12-26,Diamond,47,Monett,58
2024-12-26,Branson,71,Mt. Vernon,45
2024-12-26,West County,73,North County,59
2024-12-26,South Shelby,44,Ozark,65
2024-12-26,John Burroughs,70,Pattonville,37
2024-12-26,Greenwood,75,Reeds Spring,50
2024-12-26,Warrensburg,58,Rockwood Summit,68
2024-12-26,St. Pius X (Festus),43,Rolla,80
2024-12-26,Soldan International Studies,61,Roosevelt,40
2024-12-26,Winona,45,Salem,50
2024-12-26,Valle Catholic,50,Saxony Lutheran,35
2024-12-26,North Point,28,Sikeston,79
2024-12-26,Holt,61,St. Charles West,44
2024-12-26,Lift for Life Academy Charter,50,St. Dominic,54
2024-12-26,Springfield Catholic,50,Wellsville-Middletown,40
2024-12-26,Richland (Essex),66,St. Clair,31
2024-12-26,Laquey,63,Weaubleau,70
2024-12-26,Mountain Grove,35,Willard,66
2024-12-27,Meadow Heights,60,Advance,61
2024-12-27,Roosevelt,77,Affton,68
2024-12-27,Houston,57,Alton,56
2024-12-27,El Dorado Springs,45,Ash Grove,52
2024-12-27,Kickapoo,71,Aurora,38
2024-12-27,Mountain Grove,40,Ava,47
2024-12-27,Valle Catholic,41,Bakersfield,51
2024-12-27,Soldan International Studies,59,Bayless,48
2024-12-27,Central (Cape Girardeau),60,Bell City,23
2024-12-27,Kennett,40,Bernie,41
2024-12-27,Pembroke Hill,32,Blue Springs South,75
2024-12-27,Nixa,56,Bolivar,59
2024-12-27,Willow Springs,77,Buffalo,45
2024-12-27,St. Vincent,45,Bunker,56
2024-12-27,Winona,58,Cabool,24
2024-12-27,Lebanon,62,Camdenton,57
2024-12-27,Maysville,49,Cameron,47
2024-12-27,Seneca,50,Carl Junction,70
2024-12-27,Raytown,59,Center,45
2024-12-27,St. Joseph Christian,65,Chamois,49
2024-12-27,Woodland,68,Charleston,64
2024-12-27,Kingsville,70,Chilhowee,35
2024-12-27,Humansville,34,Climax Springs,62
2024-12-27,Spokane,21,Crane,64
2024-12-27,Weaubleau,43,Crocker,46
2024-12-27,North County,76,Crystal City,41
2024-12-27,Osceola,57,Dadeville,47
2024-12-27,Festus,59,DeSoto,44
2024-12-27,Risco,67,Dexter,69
2024-12-27,Holcomb,60,Doniphan,66
2024-12-27,Plato,51,Dora,45
2024-12-27,Portageville,37,East Carter,45
2024-12-27,Van Buren,62,East Prairie,79
2024-12-27,Parkway North,38,Eureka,52
2024-12-27,Hurley,68,Everton,35
2024-12-27,Kingston,52,Fox,41
2024-12-27,St. Charles West,48,Francis Howell Central,54
2024-12-27,Warsaw,70,Fredericktown,45
2024-12-27,Ritenour,52,Ft. Zumwalt North,65
2024-12-27,Vianney,74,Ft. Zumwalt South,37
2024-12-27,Wright City,45,Gainesville,53
2024-12-27,Summit Christian Academy,55,Grandview,44
2024-12-27,Marion C. Early,61,Greenfield,44
2024-12-27,South Shelby,47,Hallsville,73
2024-12-27,Jennings,73,Hazelwood East,87
2024-12-27,Waynesville,53,Hazelwood West,61
2024-12-27,Stanberry,73,Herculaneum,35
2024-12-27,Lindbergh,42,Hickman,53
2024-12-27,Highland,38,Higbee,54
2024-12-27,Fair Grove,55,Hillcrest,57
2024-12-27,Pierce City,53,Hollister,54
2024-12-27,Timberland,56,Holt,43
2024-12-27,Chaffee,38,Jackson,49
2024-12-27,SLUH,45,John Burroughs,66
2024-12-27,Warrenton,40,Kearney,62
2024-12-27,Delta,96,Kelly,69
2024-12-27,Liberty (Wentzville),38,Lafayette (Wildwood),53
2024-12-27,Chadwick,70,Lamar,44
2024-12-27,Savannah,63,Lawson,58
2024-12-27,Scott County Central,46,Leopold,47
2024-12-27,West Platte,80,Liberal,47
2024-12-27,Licking,59,Liberty (Mountain View),73
2024-12-27,North Point,52,Lift for Life Academy Charter,76
2024-12-27,St. Michael the Archangel,72,Lincoln College Prep,42
2024-12-27,Springfield Catholic,32,Logan-Rogersville,58
2024-12-27,Couch,56,Lutie,30
2024-12-27,Norborne,54,Madison,34
2024-12-27,Bloomfield,40,Malden,35
2024-12-27,Duchesne,64,Maplewood-Richmond Hts.,57
2024-12-27,Walnut Grove,62,Marionville,46
2024-12-27,Lutheran South,62,Marquette,73
2024-12-27,Clever,39,Marshfield,35
2024-12-27,KIPP St. Louis Sr.,90,McKinley Classical Leadership,81
2024-12-27,Westminster Christian Academy,53,Mehlville,32
2024-12-27,Principia,66,Mexico,55
2024-12-27,Lutheran (Kansas City),69,Miami (Amoret),52
2024-12-27,Windsor,56,Midway,64
2024-12-27,Diamond,47,Monett,58
2024-12-27,Capital City,37,Montgomery County,64
2024-12-27,South Shelby,30,Mt. Vernon,65
2024-12-27,Verona,37,Niangua,43
2024-12-27,Bishop LeBlond,64,North Andrew,49
2024-12-27,Rock Port,53,Northeast (Kansas City),38
2024-12-27,Oran,64,Oak Ridge,40
2024-12-27,Branson,52,Ozark,50
2024-12-27,Grain Valley,55,Park Hill,63
2024-12-27,Winnetonka,52,Park Hill South,58
2024-12-27,St. Charles,76,Parkway Central,56
2024-12-27,Webster Groves,68,Parkway West,18
2024-12-27,West Nodaway with Nodaway-Holt,59,Pleasant Hill,52
2024-12-27,Arcadia Valley,31,Potosi,64
2024-12-27,Richland (Essex),49,Puxico,61
2024-12-27,Miller,66,Reeds Spring,39
2024-12-27,Rolla,60,Rockwood Summit,33
2024-12-27,Norwood,72,Salem,43
2024-12-27,Gateway Science Charter,43,Saxony Lutheran,62
2024-12-27,Notre Dame (Cape Girardeau),63,Seneca,80
2024-12-27,Riverview Gardens,36,Seckman,51
2024-12-27,St. Dominic,35,Sikeston,64
2024-12-27,McAuley Catholic,59,Tuscumbia,47
2024-12-27,Wellsville-Middletown,39,Union,45
2024-12-27,St. Paul Lutheran (Farmington),45,St. Clair,53
2024-12-27,West Plains,39,St. Clair,40
2024-12-27,Jefferson (Festus),43,Ste. Genevieve,81
2024-12-27,Greenwood,69,Winona,49
2024-12-27,Laquey,53,Tipton,61
2024-12-27,De Smet Jesuit,91,Troy Buchanan,22
2024-12-27,KIPP KC Legacy,59,St. Charles,57
2024-12-27,Gideon,55,St. Clair,70
2024-12-27,Staley,50,Waynesville,61
2024-12-27,St. Pius X (Festus),41,Warrensburg,55
2024-12-27,Republic,54,West Plains,53
2024-12-27,Hartville,47,Willard,48
2024-12-28,Leopold,52,Advance,48
2024-12-28,Soldan International Studies,45,Affton,49
2024-12-28,Green Ridge,38,Appleton City,37
2024-12-28,Fair Grove,66,Aurora,67
2024-12-28,Clever,49,Ava,41
2024-12-28,Bunker,43,Bakersfield,41
2024-12-28,Roosevelt,62,Bayless,61
2024-12-28,Charleston,65,Bell City,44
2024-12-28,Blue Springs,58,Belton,48
2024-12-28,Puxico,61,Bernie,38
2024-12-28,Greenwood,46,Bolivar,52
2024-12-28,Joplin,72,Boonville,60
2024-12-28,North Andrew,58,Cameron,47
2024-12-28,Lincoln College Prep,61,Center,48
2024-12-28,Woodland,56,Central (Cape Girardeau),71
2024-12-28,Raytown South,55,Central (Kansas City),43
2024-12-28,Notre Dame (Cape Girardeau),54,Chaffee,46
2024-12-28,Smithville,52,Chamois,39
2024-12-28,Windsor,66,Chilhowee,23
2024-12-28,Lexington,52,Chillicothe,58
2024-12-28,Parkway South,65,Clayton,68
2024-12-28,Christian Brothers College,77,Clayton,63
2024-12-28,Tipton,72,Climax Springs,49
2024-12-28,Lincoln,56,Concordia,24
2024-12-28,Willow Springs,49,Crane,68
2024-12-28,Osceola,55,Crocker,53
2024-12-28,Weaubleau,75,Dadeville,62
2024-12-28,Oran,69,Delta,62
2024-12-28,East Prairie,47,Dexter,56
2024-12-28,Bloomfield,49,Doniphan,37
2024-12-28,Lutheran (Kansas City),44,Drexel,60
2024-12-28,McAuley Catholic,28,East Newton,50
2024-12-28,Norwood,66,Eminence,47
2024-12-28,Capital City,51,Eugene,82
2024-12-28,Vianney,83,Eureka,75
2024-12-28,West County,31,Farmington,64
2024-12-28,Gateway Science Charter,25,Fox,60
2024-12-28,MICDS,56,Francis Howell,57
2024-12-28,Lift for Life Academy Charter,60,Francis Howell Central,62
2024-12-28,Arcadia Valley,49,Fredericktown,61
2024-12-28,Duchesne,41,Ft. Zumwalt North,57
2024-12-28,Parkway North,61,Ft. Zumwalt South,39
2024-12-28,Winona,44,Gainesville,53
2024-12-28,Grain Valley,57,Grandview,59
2024-12-28,St. Charles,57,Hazelwood East,69
2024-12-28,Warrensburg,45,Hazelwood West,60
2024-12-28,Jefferson (Festus),68,Herculaneum,39
2024-12-28,Westminster Christian Academy,45,Hickman,48
2024-12-28,Highland,38,Higbee,54
2024-12-28,Central (Park Hills),44,Hillsboro,55
2024-12-28,St. Dominic,55,Holt,62
2024-12-28,Plato,57,Houston,34
2024-12-28,Laquey,47,Humansville,40
2024-12-28,Seneca,47,Jackson,57
2024-12-28,Parkway Central,54,Jennings,64
2024-12-28,Hillcrest,40,Kickapoo,54
2024-12-28,Saxony Lutheran,42,Kingston,36
2024-12-28,Midway,47,Kingsville,55
2024-12-28,STEAM Academy,31,KIPP St. Louis Sr.,41
2024-12-28,Couch,68,Koshkonong,50
2024-12-28,Lutie,35,Koshkonong,56
2024-12-28,Christian Brothers College,62,Ladue Horton Watkins,80
2024-12-28,De Smet Jesuit,66,Lafayette (Wildwood),40
2024-12-28,Southeast,44,Lafayette County,61
2024-12-28,Pleasant Hill,59,Lawson,50
2024-12-28,Miller,60,Lebanon,66
2024-12-28,Warrenton,43,Lee's Summit West,48
2024-12-28,Plattsburg,79,Liberal,42
2024-12-28,Fort Osage,53,Liberty,65
2024-12-28,Mansfield,67,Licking,70
2024-12-28,Branson,34,Logan-Rogersville,54
2024-12-28,Van-Far,58,Macon,43
2024-12-28,Ritenour,63,Maplewood-Richmond Hts.,49
2024-12-28,Webster Groves,41,Marquette,60
2024-12-28,Bishop LeBlond,46,Maysville,43
2024-12-28,Seneca,60,McDonald County,32
2024-12-28,STEAM Academy,49,McKinley Classical Leadership,93
2024-12-28,Lindbergh,53,Mehlville,56
2024-12-28,Rockwood Summit,59,Mexico,79
2024-12-28,Blair Oaks,70,Moberly,40
2024-12-28,Purdy,60,Monett,61
2024-12-28,Union,37,Mt. Vernon,43
2024-12-28,Winona,42,Nixa,73
2024-12-28,Otterville,37,Northwest (Hughesville),43
2024-12-28,Webb City,78,Odessa,45
2024-12-28,Springfield Catholic,54,Ozark,63
2024-12-28,Lutheran South,45,Parkway West,52
2024-12-28,SLUH,67,Pattonville,46
2024-12-28,Waynesville,81,Poplar Bluff,28
2024-12-28,Warsaw,49,Potosi,55
2024-12-28,Kennett,47,Richland (Essex),63
2024-12-28,Van Buren,89,Risco,94
2024-12-28,Principia,68,Rolla,50
2024-12-28,West Nodaway with Nodaway-Holt,36,Savannah,32
2024-12-28,Timberland,70,Sikeston,88
2024-12-28,Ste. Genevieve,54,Stanberry,65
2024-12-28,North Point,49,St. Charles West,75
2024-12-28,Valle Catholic,58,St. Vincent,53
2024-12-28,St. Paul Lutheran (Farmington),28,West Plains,87
2024-12-28,Liberty (Wentzville),65,Troy Buchanan,40
2024-12-28,East Carter,52,St. Clair,60
2024-12-28,Battle,77,Versailles,61
2024-12-28,St. Pius X (Festus),47,Waynesville,74
2024-12-28,Hartville,49,West Plains,56
2024-12-28,Northeast (Cairo),51,Westran,60
2024-12-28,Republic,68,Willard,33
2024-12-28,Pembroke Hill,56,Winnetonka,60
2024-12-29,Versailles,42,Belton,46
2024-12-29,Battle,70,Blue Springs,63
2024-12-29,Park Hill South,56,Blue Springs South,65
2024-12-29,Fort Osage,84,Central (Kansas City),83
2024-12-29,Vianney,58,De Smet Jesuit,70
2024-12-29,Helias Catholic,53,Eugene,52
2024-12-29,Lafayette (Wildwood),47,Eureka,46
2024-12-29,Troy Buchanan,33,Ft. Zumwalt South,63
2024-12-29,Marquette,80,Hickman,68
2024-12-29,Plato,57,Houston,34
2024-12-29,Raytown South,53,Liberty,51
2024-12-29,KIPP KC Legacy,65,Liberty North,60
2024-12-29,Lutheran South,59,Lindbergh,57
2024-12-29,Parkway West,55,Mehlville,39
2024-12-29,Summit Christian Academy,49,Park Hill,58
2024-12-29,Liberty (Wentzville),71,Parkway North,56
2024-12-29,St. Michael the Archangel,57,Raytown,58
2024-12-29,Westminster Christian Academy,54,Webster Groves,56
2024-12-30,Hollister,64,Ash Grove,66
2024-12-30,Ozark,70,Aurora,46
2024-12-30,Fort Osage,68,Belton,58
2024-12-30,Liberty,48,Blue Springs,52
2024-12-30,Raytown,50,Blue Springs South,55
2024-12-30,Republic,64,Bolivar,49
2024-12-30,Naylor,57,Campbell,75
2024-12-30,West County,47,Central (Park Hills),58
2024-12-30,Kirksville,39,Central (St. Joseph),42
2024-12-30,Notre Dame (Cape Girardeau),39,Charleston,26
2024-12-30,Brookfield,23,Chillicothe,53
2024-12-30,Francis Howell,53,Clayton,51
2024-12-30,Lebanon,47,Clever,46
2024-12-30,Mt. Vernon,51,Crane,41
2024-12-30,Putnam County,36,Crest Ridge,49
2024-12-30,Puxico,64,Dexter,60
2024-12-30,Kingsville,64,Drexel,46
2024-12-30,Monett,41,East Newton,53
2024-12-30,Bernie,67,East Prairie,66
2024-12-30,Plattsburg,64,Excelsior Springs,46
2024-12-30,Hillsboro,47,Farmington,63
2024-12-30,North County,40,Festus,54
2024-12-30,Jefferson (Festus),55,Fredericktown,70
2024-12-30,Hazelwood East,65,Ft. Zumwalt North,59
2024-12-30,Plato,52,Gainesville,47
2024-12-30,Vianney,90,Hickman,68
2024-12-30,Branson,64,Hillcrest,68
2024-12-30,Central (Cape Girardeau),41,Jackson,50
2024-12-30,Logan-Rogersville,43,Kickapoo,47
2024-12-30,Christian Brothers College,64,Kirkwood,61
2024-12-30,Webster Groves,63,Lafayette (Wildwood),42
2024-12-30,Billings,55,Lamar,68
2024-12-30,Cameron,55,Lawson,46
2024-12-30,Oran,43,Leopold,50
2024-12-30,William Chrisman,47,Lexington,51
2024-12-30,Norwood,68,Liberty (Mountain View),64
2024-12-30,Winnetonka,66,Lincoln College Prep,61
2024-12-30,Iberia,70,Linn,53
2024-12-30,Walnut Grove,73,Marion C. Early,40
2024-12-30,De Smet Jesuit,61,Marquette,50
2024-12-30,St. Paul Lutheran (Concordia),55,Meadville,43
2024-12-30,Windsor,63,Miami (Amoret),37
2024-12-30,Lutheran (Kansas City),60,Midway,29
2024-12-30,Pleasant Hill,52,North Andrew,47
2024-12-30,Eldon,45,Oak Grove,61
2024-12-30,Parkview,56,Oak Park,70
2024-12-30,KIPP KC Legacy,46,Park Hill,50
2024-12-30,St. Michael the Archangel,52,Park Hill South,75
2024-12-30,Liberty (Wentzville),58,Parkway West,35
2024-12-30,Stanberry,44,Potosi,54
2024-12-30,McAuley Catholic,46,Purdy,49
2024-12-30,Battle,70,Raytown South,48
2024-12-30,Risco,77,Richland (Essex),67
2024-12-30,Licking,65,Salem,53
2024-12-30,Maysville,57,Savannah,54
2024-12-30,Woodland,81,Seneca,76
2024-12-30,KIPP St. Louis Sr.,47,St. Clair,44
2024-12-30,STEAM Academy,63,St. Paul Lutheran (Farmington),46
2024-12-30,Ste. Genevieve,63,Warsaw,55
2024-12-30,Liberty North,62,Summit Christian Academy,67
2024-12-30,McKinley Classical Leadership,46,West Plains,56
2024-12-30,Pattonsburg,40,Trenton,43
2024-12-30,Grandview,56,St. Charles,50
2024-12-30,Bloomfield,40,St. Clair,61
2024-12-30,Ewing Marion Kauffman,71,University Academy Charter,41
2024-12-30,Calvary Lutheran,44,Veritas Christian Academy,47
2024-12-30,Bishop LeBlond,58,West Nodaway with Nodaway-Holt,46
2024-12-30,Nixa,66,West Plains,58
2024-12-30,Greenwood,67,Willard,56
2024-12-31,Higbee,39,Albany,36
2024-12-31,Ste. Genevieve,54,Central (Park Hills),56
2024-12-31,Penney,38,Crest Ridge,62
2024-12-31,Potosi,63,Farmington,71
2024-12-31,Fredericktown,48,Festus,54
2024-12-31,Tri-County,46,Hardin-Central,49
2024-12-31,Stanberry,55,Hillsboro,54
2024-12-31,Platte County,52,Kirksville,64
2025-01-02,North Point,52,Bowling Green,56
2025-01-02,Tuscumbia,48,Conway,83
2025-01-02,Breckenridge,67,Keytesville,52
2025-01-02,Knox County,45,Louisiana,50
2025-01-02,Brashear,47,North Shelby,83
2025-01-02,Wheatland,90,Richland,31
2025-01-02,Jamestown,41,Van-Far,74
2025-01-03,Milan,40,Atlanta,69
2025-01-03,Ewing Marion Kauffman,29,Benton,54
2025-01-03,Ash Grove,41,Billings,63
2025-01-03,Fatima,39,Blair Oaks,66
2025-01-03,Staley,57,Blue Springs South,42
2025-01-03,Gainesville,71,Bradleyville,30
2025-01-03,Hardin-Central,32,Braymer,76
2025-01-03,Everton,41,Bronaugh,76
2025-01-03,Nevada,50,Butler,18
2025-01-03,St. James,35,California,60
2025-01-03,Penney,57,Cameron,38
2025-01-03,Greenville,44,Campbell,77
2025-01-03,Monett,21,Carthage,49
2025-01-03,Forsyth,69,Cassville,38
2025-01-03,Paseo Academy,25,Center,69
2025-01-03,Hogan Prep Academy Charter,27,Central (St. Joseph),57
2025-01-03,Montgomery County,63,Chadwick,49
2025-01-03,Calvary Lutheran,27,Chamois,45
2025-01-03,La Monte,51,Chilhowee,30
2025-01-03,Humansville,42,Climax Springs,47
2025-01-03,Highland,26,Clopton,73
2025-01-03,Crest Ridge,58,Concordia,47
2025-01-03,Mansfield,90,Conway,58
2025-01-03,Clever,61,Crane,67
2025-01-03,Sweet Springs,69,Delta (Deering),74
2025-01-03,Belle,42,Dixon,56
2025-01-03,Bunker,46,East Carter,41
2025-01-03,Boonville,72,Eldon,46
2025-01-03,Van Buren,83,Ellington,45
2025-01-03,Palmyra,60,Elsberry,52
2025-01-03,Gloria Deo Academy,49,Fair Play,52
2025-01-03,Macon,60,Fayette,45
2025-01-03,Parkway West,51,Ft. Zumwalt East,39
2025-01-03,Francis Howell,68,Ft. Zumwalt West,78
2025-01-03,Hurley,90,Golden City,70
2025-01-03,Summit Christian Academy,59,Grandview,47
2025-01-03,North Callaway,29,Hallsville,70
2025-01-03,Liberty (Mountain View),24,Hartville,55
2025-01-03,Slater,44,Hermann,79
2025-01-03,Walnut Grove,51,Hermitage,50
2025-01-03,Licking,87,Houston,66
2025-01-03,MICDS,50,Jefferson City,46
2025-01-03,Lebanon,48,Joplin,59
2025-01-03,Park Hill South,53,Kearney,61
2025-01-03,Linn County,63,Keytesville,11
2025-01-03,Marshall,42,Kirksville,70
2025-01-03,Bishop LeBlond,74,Lafayette County,48
2025-01-03,Diamond,64,Liberal,46
2025-01-03,Eugene,62,Lincoln,27
2025-01-03,Leeton,68,Macks Creek,56
2025-01-03,Senath-Hornersville,64,Marceline,40
2025-01-03,Francis Howell Central,65,Marquette,64
2025-01-03,Rolla,80,Marshfield,37
2025-01-03,Lakeland,47,Miami (Amoret),64
2025-01-03,Van-Far,61,Miller,68
2025-01-03,Centralia,48,Moberly,57
2025-01-03,Jefferson (Conception) with South Nodaway,50,Mound City,46
2025-01-03,Union,36,Mountain Grove,58
2025-01-03,Alton,53,Neelyville,62
2025-01-03,Worth County,42,New Bloomfield,46
2025-01-03,Washington,81,New Haven,33
2025-01-03,South Shelby,73,North Shelby,60
2025-01-03,Excelsior Springs,54,Odessa,68
2025-01-03,Woodland,84,Oran,56
2025-01-03,Salem,53,Osage,75
2025-01-03,Eureka,59,Parkway North,52
2025-01-03,Willard,38,Pilot Grove,70
2025-01-03,Vienna,58,Plato,45
2025-01-03,Ruskin,57,Platte County,50
2025-01-03,Tipton,36,Princeton,43
2025-01-03,Marionville,73,Purdy,80
2025-01-03,Trenton,53,Putnam County,58
2025-01-03,Waynesville,48,Republic,63
2025-01-03,Canton,68,Schuyler County,41
2025-01-03,El Dorado Springs,58,Seneca,61
2025-01-03,Cabool,36,Smithville,83
2025-01-03,Clinton,46,Sherwood,43
2025-01-03,Veritas Christian Academy,67,South Pemiscot,42
2025-01-03,Salem,75,Smithton,74
2025-01-03,DeKalb,20,St. James,73
2025-01-03,DeLaSalle Charter (KC),25,Southeast,55
2025-01-03,Priory,44,St. Dominic,57
2025-01-03,Hillsboro,51,St. Francis Borgia,65
2025-01-03,North Nodaway,52,Stewartsville with Osborn,69
2025-01-03,Iberia,80,Westran,90
2025-01-03,West Nodaway with Nodaway-Holt,41,Tarkio with Fairfax,39
2025-01-03,Norborne,40,Tri-County,87
2025-01-03,Puxico,65,St. Clair,37
2025-01-03,Rock Port,62,Union Star,17
2025-01-03,St. Clair,41,Warrenton,65
2025-01-03,Perryville,51,Windsor (Imperial),60
2025-01-04,Wright City,57,Alton,62
2025-01-04,New Haven,50,Bismarck,54
2025-01-04,Valley,74,Bourbon,43
2025-01-04,Wheatland,51,Brunswick,60
2025-01-04,Harrisburg,53,Chadwick,47
2025-01-04,Vienna,58,Grandview (Hillsboro),34
2025-01-04,Lesterville,50,Halfway,60
2025-01-04,Farmington,48,Jackson,54
2025-01-04,Father Tolton,58,John Burroughs,60
2025-01-04,Bishop LeBlond,64,Lathrop,43
2025-01-04,Warsaw,29,Lawson,47
2025-01-04,Whitfield,49,Lutheran North,50
2025-01-04,Tarkio with Fairfax,43,North Platte,72
2025-01-06,Fair Play,18,Billings,56
2025-01-06,Galena,93,Bradleyville,38
2025-01-06,Hayti,88,Campbell,71
2025-01-06,Advance,42,Chaffee,59
2025-01-06,Greenfield,48,Golden City,79
2025-01-06,Wheaton,42,Miller,102
2025-01-06,Central (New Madrid County),52,Portageville,43
2025-01-06,Gloria Deo Academy,59,Sarcoxie,51
2025-01-07,Delta,62,Advance,69
2025-01-07,Dora,51,Alton,81
2025-01-07,Midway,49,Archie,53
2025-01-07,Mansfield,58,Ava,60
2025-01-07,Raytown,76,Belton,50
2025-01-07,Clarkton,30,Bernie,67
2025-01-07,Fair Play,58,Bradleyville,62
2025-01-07,Plato,59,Cabool,41
2025-01-07,Leopold,40,Campbell,45
2025-01-07,Clark County,42,Canton,56
2025-01-07,Central (Springfield),61,Carthage,50
2025-01-07,Aurora,76,Cassville,37
2025-01-07,Kelly,65,Charleston,95
2025-01-07,Union,68,Conway,47
2025-01-07,Tuscumbia,43,Crane,62
2025-01-07,Puxico,65,Doniphan,36
2025-01-07,Ellington,49,East Carter,54
2025-01-07,Central (New Madrid County),46,East Prairie,79
2025-01-07,Weaubleau,41,El Dorado Springs,36
2025-01-07,Niangua,47,Everton,38
2025-01-07,School of the Ozarks,53,Fordland,66
2025-01-07,St. Charles,67,Fort Osage,59
2025-01-07,Bronaugh,51,Golden City,78
2025-01-07,Hurley,35,Halfway,55
2025-01-07,Fair Grove,53,Hartville,45
2025-01-07,Portageville,67,Holcomb,41
2025-01-07,Logan-Rogersville,71,Hollister,12
2025-01-07,Thomas Jefferson Independent Day,62,Jasper,52
2025-01-07,Greenville,58,Kennett,68
2025-01-07,Highland,34,Kirksville,72
2025-01-07,Cole Camp,31,Knob Noster,45
2025-01-07,Schuyler County,62,La Plata,34
2025-01-07,Liberty (Wentzville),59,Lafayette (Wildwood),45
2025-01-07,Staley,46,Lee's Summit North,50
2025-01-07,Pierce City,44,Lockwood,57
2025-01-07,Caruthersville,85,Malden,44
2025-01-07,Wellsville-Middletown,60,Marionville,41
2025-01-07,East Newton,74,McDonald County,81
2025-01-07,Hallsville,53,Moberly,50
2025-01-07,Hayti,62,Neelyville,58
2025-01-07,Rock Port,64,North Nodaway,33
2025-01-07,West Nodaway with Nodaway-Holt,81,Northeast Nodaway,32
2025-01-07,Winona,56,Norwood,50
2025-01-07,Glendale,52,Parkview,76
2025-01-07,Kirkwood,64,Parkway West,57
2025-01-07,Platte County,53,Pembroke Hill,59
2025-01-07,Mercer,27,Princeton,63
2025-01-07,Diamond,63,Purdy,60
2025-01-07,Ozark,40,Republic,56
2025-01-07,Summersville,70,Risco,79
2025-01-07,Wheaton,48,Sarcoxie,63
2025-01-07,Oak Ridge,33,Seneca,69
2025-01-07,St. Clair,62,Senath-Hornersville,44
2025-01-07,Monett,54,Seneca,61
2025-01-07,Camdenton,40,Savannah,72
2025-01-07,Mound City,59,St. James,57
2025-01-07,North Pemiscot,24,Sweet Springs,92
2025-01-07,Reeds Spring,60,Spokane,29
2025-01-07,Pattonsburg,35,St. Joseph Christian,80
2025-01-07,North Harrison,51,Vienna,61
2025-01-07,Gainesville,51,Thayer,75
2025-01-07,Couch,40,Van Buren,71
2025-01-07,Nixa,58,Webb City,45
2025-01-07,New Franklin,70,Wellsville-Middletown,44
2025-01-07,Community,22,Westran,75
2025-01-07,Kickapoo,63,Willard,53
2025-01-07,North Andrew,61,Worth County,29
2025-01-07,Bell City,79,Zalma,14
2025-01-08,King City,51,Albany,49
2025-01-08,Summersville,63,Bakersfield,56
2025-01-08,Schuyler County,61,Carrollton,42
2025-01-08,Helias Catholic,52,De Smet Jesuit,84
2025-01-08,St. Charles,67,Fort Osage,59
2025-01-08,Trenton,53,Lawson,56
2025-01-08,Northeast (Cairo),68,Marceline,31
2025-01-08,South Shelby,66,Meadville,60
2025-01-08,Normandy Collaborative,62,Miller Career Academy,71
2025-01-08,Hallsville,53,Moberly,50
2025-01-08,Platte County,53,Pembroke Hill,59
2025-01-08,Worth County,57,Pilot Grove,54
2025-01-08,West Plains,60,Salem,57
2025-01-08,Oak Ridge,33,Seneca,69
2025-01-08,Sweet Springs,64,Senath-Hornersville,70
2025-01-08,Camdenton,40,Savannah,72
2025-01-08,Tarkio with Fairfax,67,Union Star,17
2025-01-08,New Franklin,70,Wellsville-Middletown,44
2025-01-08,Lutheran South,47,Westminster Christian Academy,65
2025-01-08,Community,22,Westran,75
2025-01-09,Bernie,72,Advance,41
2025-01-09,Clayton,72,Affton,29
2025-01-09,North Shelby,61,Atlanta,73
2025-01-09,Hancock,32,Bayless,65
2025-01-09,Risco,72,Bell City,56
2025-01-09,New Covenant Academy,53,Blue Eye,64
2025-01-09,Penney,50,Brookfield,36
2025-01-09,Leopold,40,Campbell,45
2025-01-09,Dexter,36,Central (Cape Girardeau),55
2025-01-09,Notre Dame (Cape Girardeau),61,Central (New Madrid County),33
2025-01-09,Bishop LeBlond,57,Chillicothe,46
2025-01-09,Ellington,78,Clearwater,54
2025-01-09,Pilot Grove,71,Community,33
2025-01-09,Delta (Deering),49,Cooter,76
2025-01-09,Stewartsville with Osborn,47,East Buchanan,76
2025-01-09,Van Buren,61,East Carter,58
2025-01-09,New Franklin,61,Fayette,35
2025-01-09,Hillcrest,48,Francis Howell,46
2025-01-09,Ft. Zumwalt North,71,Ft. Zumwalt West,42
2025-01-09,Clarkton,47,Gideon,61
2025-01-09,Schuyler County,62,Glasgow,53
2025-01-09,Puxico,68,Greenville,38
2025-01-09,Pleasant Hope,47,Halfway,76
2025-01-09,St. Clair,32,Hermann,48
2025-01-09,Willard,57,Holden,50
2025-01-09,Hermitage,49,Humansville,37
2025-01-09,William Chrisman,56,Joplin,66
2025-01-09,Jackson,50,Kennett,46
2025-01-09,Cole Camp,31,Knob Noster,45
2025-01-09,Ladue Horton Watkins,57,Lafayette (Wildwood),64
2025-01-09,Staley,46,Lee's Summit North,50
2025-01-09,Highland,50,Macon,64
2025-01-09,Keytesville,26,Madison,43
2025-01-09,Meadville,54,Marceline,39
2025-01-09,North Platte,82,Mid-Buchanan,80
2025-01-09,Gloria Deo Academy,32,Miller,82
2025-01-09,Mt. Vernon,54,Monett,46
2025-01-09,Marquand-Zion,48,Naylor,63
2025-01-09,South Shelby,56,Northeast (Cairo),59
2025-01-09,Delta,62,Oran,66
2025-01-09,Canton,66,Palmyra,52
2025-01-09,Webb City,48,Poplar Bluff,50
2025-01-09,Mehlville,64,Ritenour,74
2025-01-09,Brashear,22,Senath-Hornersville,74
2025-01-09,Portageville,61,Scott County Central,50
2025-01-09,Hartville,41,Smithville,37
2025-01-09,Malden,58,Summersville,65
2025-01-09,Meadow Heights,88,St. Paul Lutheran (Farmington),22
2025-01-09,Lutheran St. Charles,68,St. Pius X (Festus),41
2025-01-09,Wheatland,51,Weaubleau,37
2025-01-09,Worth County,40,Westran,54
2025-01-10,Risco,72,Bell City,56
2025-01-10,Grain Valley,57,Belton,54
2025-01-10,Savannah,56,Cameron,49
2025-01-10,Francis Howell,46,Carl Junction,64
2025-01-10,Notre Dame (Cape Girardeau),61,Central (New Madrid County),33
2025-01-10,Northwest (Cedar Hill),34,Clayton,79
2025-01-10,Niangua,28,Crocker,74
2025-01-10,North Nodaway,52,DeKalb,10
2025-01-10,St. Clair,78,Doniphan,65
2025-01-10,Van Buren,61,East Carter,58
2025-01-10,Winnetonka,74,Excelsior Springs,21
2025-01-10,North County,47,Farmington,83
2025-01-10,Liberty (Wentzville),70,Francis Howell North,55
2025-01-10,Potosi,86,Fredericktown,49
2025-01-10,Ft. Zumwalt North,59,Ft. Zumwalt East,41
2025-01-10,Brookfield,44,Gallatin,50
2025-01-10,Greenfield,68,Hume,45
2025-01-10,St. James,55,Jefferson (Conception) with South Nodaway,66
2025-01-10,Priory,47,John Burroughs,70
2025-01-10,Poplar Bluff,52,Joplin,57
2025-01-10,Palmyra,62,Kirksville,57
2025-01-10,Webster Groves,64,Kirkwood,48
2025-01-10,Plattsburg,52,Lathrop,48
2025-01-10,East Buchanan,59,Lawson,41
2025-01-10,Lee's Summit,40,Lee's Summit North,72
2025-01-10,Central (St. Joseph),56,Liberty,62
2025-01-10,Crest Ridge,60,Lone Jack,27
2025-01-10,Clark County,52,Macon,36
2025-01-10,Eureka,69,Marquette,75
2025-01-10,St. Elizabeth,44,Maysville,69
2025-01-10,Putnam County,63,Milan,50
2025-01-10,Union Star,20,Mound City,62
2025-01-10,Republic,47,Nixa,53
2025-01-10,North Kansas City,65,Oak Park,74
2025-01-10,Willard,38,Ozark,65
2025-01-10,Park Hill,65,Park Hill South,54
2025-01-10,Parkway West,47,Parkway Central,34
2025-01-10,North Andrew,56,Pattonsburg,31
2025-01-10,King City,60,Princeton,66
2025-01-10,Lee's Summit West,56,Raymore-Peculiar,52
2025-01-10,Northeast Nodaway,20,Rock Port,72
2025-01-10,Branson,69,Rolla,81
2025-01-10,Fort Osage,84,Sparta,73
2025-01-10,Albany,41,St. Joseph Christian,59
2025-01-10,Liberty North,45,Staley,60
2025-01-10,Worth County,54,Vienna,32
2025-01-10,St. Pius X (Kansas City),44,Summit Christian Academy,61
2025-01-10,Pierce City,57,Thomas Jefferson Independent Day,42
2025-01-10,Platte County,52,St. Charles,74
2025-01-10,Stewartsville with Osborn,54,West Nodaway with Nodaway-Holt,57
2025-01-11,Licking,72,Alton,53
2025-01-11,Union,27,Bolivar,40
2025-01-11,Sarcoxie,57,Bradleyville,34
2025-01-11,Spokane,26,Buffalo,59
2025-01-11,Webb City,50,Carl Junction,59
2025-01-11,Meadville,37,Carrollton,47
2025-01-11,Father Tolton,79,Christian Brothers College,66
2025-01-11,Lafayette (St. Joseph),50,East Buchanan,37
2025-01-11,Wheaton,45,Fair Play,53
2025-01-11,Worth County,44,Fayette,34
2025-01-11,Clinton,38,Forsyth,75
2025-01-11,William Chrisman,27,Francis Howell,62
2025-01-11,South Shelby,42,Glasgow,63
2025-01-11,Kingsville,59,Halfway,55
2025-01-11,Moberly,54,Harrisburg,77
2025-01-11,Willow Springs,62,Hollister,65
2025-01-11,Hillcrest,52,Joplin,48
2025-01-11,Parkview,42,Kickapoo,55
2025-01-11,Tipton,55,Lincoln,59
2025-01-11,Normandy Collaborative,65,McCluer,41
2025-01-11,Bishop LeBlond,54,Mid-Buchanan,51
2025-01-11,Gloria Deo Academy,32,Miller,82
2025-01-11,Republic,47,Nixa,53
2025-01-11,Schuyler County,55,Northeast (Cairo),51
2025-01-11,Branson,69,Rolla,81
2025-01-11,South Shelby,48,Wellsville-Middletown,55
2025-01-11,Pierce City,57,Thomas Jefferson Independent Day,42
2025-01-11,New Franklin,47,Westran,38
2025-01-13,Richland (Essex),70,Advance,41
2025-01-13,Windsor (Imperial),65,Affton,41
2025-01-13,Lakeland,41,Appleton City,56
2025-01-13,Dora,39,Aurora,77
2025-01-13,Buffalo,36,Ava,50
2025-01-13,Cassville,57,Bakersfield,56
2025-01-13,Delta,54,Bell City,49
2025-01-13,Ruskin,55,Belton,61
2025-01-13,Valley,59,Bismarck,55
2025-01-13,Smithville,84,Bradleyville,31
2025-01-13,Duchesne,39,Brentwood,42
2025-01-13,Archie,28,Butler,57
2025-01-13,Westran,71,Calvary Lutheran,65
2025-01-13,Oak Grove,50,Central (Kansas City),52
2025-01-13,Osceola,63,Chilhowee,23
2025-01-13,Van Buren,81,Clearwater,38
2025-01-13,South Shelby,63,Climax Springs,60
2025-01-13,Stewartsville with Osborn,84,DeKalb,17
2025-01-13,Kelly,55,East Prairie,73
2025-01-13,St. Michael the Archangel,66,Ewing Marion Kauffman,57
2025-01-13,Pilot Grove,74,Fayette,65
2025-01-13,St. Dominic,68,Francis Howell Central,43
2025-01-13,Logan-Rogersville,58,Francis Howell North,34
2025-01-13,Holt,62,Ft. Zumwalt West,68
2025-01-13,Novinger,41,Green City,98
2025-01-13,Wellsville-Middletown,48,Greenwood,53
2025-01-13,Weaubleau,32,Hermitage,41
2025-01-13,Otterville,44,Jamestown,43
2025-01-13,North Nodaway,43,Jefferson (Conception) with South Nodaway,47
2025-01-13,Northeast Nodaway,29,King City,74
2025-01-13,Kingsville,58,La Monte,20
2025-01-13,East Newton,56,Lamar,38
2025-01-13,University Academy Charter,56,Lathrop,59
2025-01-13,KIPP KC Legacy,44,Lincoln College Prep,39
2025-01-13,Lutheran North,61,Lindbergh,69
2025-01-13,Madison,33,Linn County,60
2025-01-13,Wheatland,63,Macks Creek,35
2025-01-13,Hancock,44,Maplewood-Richmond Hts.,70
2025-01-13,Wellsville-Middletown,37,Marion County,67
2025-01-13,Leopold,76,Marquand-Zion,49
2025-01-13,Pleasant Hill,65,Marshall,54
2025-01-13,Union Star,20,Maysville,63
2025-01-13,St. James,45,Mound City,47
2025-01-13,McDonald County,36,Neosho,75
2025-01-13,Holcomb,94,North Pemiscot,12
2025-01-13,Brunswick,66,Northwestern (Mendon),23
2025-01-13,Cameron,57,Odessa,52
2025-01-13,Willard,38,Ozark,65
2025-01-13,Fox,37,Pacific,40
2025-01-13,Seckman,46,Parkway South,58
2025-01-13,Polo,78,Pattonsburg,32
2025-01-13,Priory,31,Pattonville,45
2025-01-13,Richmond,55,Penney,32
2025-01-13,Lutheran South,30,Principia,83
2025-01-13,St. Joseph Christian,32,Rock Port,68
2025-01-13,Thomas Jefferson Independent Day,38,Sarcoxie,34
2025-01-13,Clinton,58,Savannah,73
2025-01-13,Gloria Deo Academy,32,Union,60
2025-01-13,Washington,64,St. Charles,49
2025-01-13,Festus,53,St. Clair,49
2025-01-13,Osage,55,St. James,56
2025-01-13,Arcadia Valley,74,St. Paul Lutheran (Farmington),28
2025-01-13,DeSoto,47,St. Vincent,67
2025-01-13,Warrenton,59,Webb City,48
2025-01-13,Warsaw,52,Tipton,33
2025-01-13,Brookfield,72,Trenton,69
2025-01-13,Elsberry,68,Van-Far,79
2025-01-13,New Haven,27,Vienna,59
2025-01-13,Confluence Prep Academy Charter,48,Westminster Christian Academy,80
2025-01-14,Versailles,65,Adrian,73
2025-01-14,St. Vincent,49,Advance,64
2025-01-14,Worth County,38,Albany,45
2025-01-14,Diamond,62,Ash Grove,58
2025-01-14,Puxico,78,Bell City,50
2025-01-14,Moberly,62,Boonville,68
2025-01-14,Parkview,52,Branson,47
2025-01-14,Mercer,55,Braymer,75
2025-01-14,Liberal,65,Bronaugh,33
2025-01-14,Thayer,17,Brunswick,91
2025-01-14,Lesterville,59,Bunker,65
2025-01-14,Capital City,47,California,50
2025-01-14,Tuscumbia,54,Calvary Lutheran,74
2025-01-14,Highland,43,Canton,67
2025-01-14,Notre Dame (Cape Girardeau),33,Central (Cape Girardeau),43
2025-01-14,Joplin,34,Central (Springfield),71
2025-01-14,Pembroke Hill,49,Central (St. Joseph),46
2025-01-14,Prairie Home,42,Chamois,38
2025-01-14,Central (New Madrid County),35,Charleston,88
2025-01-14,Warrensburg,38,Chillicothe,60
2025-01-14,Marionville,55,Clever,70
2025-01-14,Weaubleau,40,Climax Springs,50
2025-01-14,Dixon,81,Clopton,61
2025-01-14,Madison,28,Community,59
2025-01-14,Richland,38,Conway,71
2025-01-14,Alton,68,Couch,61
2025-01-14,St. James,53,Cuba,61
2025-01-14,Golden City,58,Dadeville,75
2025-01-14,Seneca,80,Delta,54
2025-01-14,Chaffee,65,Delta (Deering),48
2025-01-14,Bloomfield,37,Dexter,47
2025-01-14,Ft. Zumwalt East,40,Duchesne,39
2025-01-14,Northeast (Kansas City),36,East (Kansas City),78
2025-01-14,Savannah,40,East Buchanan,82
2025-01-14,Miller,36,East Newton,52
2025-01-14,Fair Grove,68,El Dorado Springs,34
2025-01-14,Oakville,30,Eureka,49
2025-01-14,West Platte,60,Excelsior Springs,45
2025-01-14,Sikeston,74,Farmington,81
2025-01-14,Hallsville,55,Fatima,58
2025-01-14,Central (Park Hills),46,Festus,56
2025-01-14,Walnut Grove,70,Fordland,83
2025-01-14,Ava,46,Forsyth,62
2025-01-14,Troy Buchanan,23,Francis Howell,56
2025-01-14,Confluence Prep Academy Charter,68,Francis Howell North,62
2025-01-14,Potosi,86,Fredericktown,49
2025-01-14,Timberland,68,Ft. Zumwalt North,54
2025-01-14,Eugene,63,Fulton,27
2025-01-14,Chadwick,67,Gainesville,44
2025-01-14,Sweet Springs,54,Gideon,74
2025-01-14,New Franklin,39,Glasgow,61
2025-01-14,Carthage,68,Glendale,59
2025-01-14,Jasper,56,Greenfield,64
2025-01-14,School of the Ozarks,36,Halfway,66
2025-01-14,Mansfield,27,Hartville,65
2025-01-14,Summersville,66,Hayti,61
2025-01-14,Hazelwood West,36,Hazelwood Central,64
2025-01-14,Eldon,31,Hermann,64
2025-01-14,Jackson,54,Hillsboro,44
2025-01-14,Benton,84,Hogan Prep Academy Charter,20
2025-01-14,Lexington,69,Holden,55
2025-01-14,Norwood,73,Houston,38
2025-01-14,Pleasant Hope,52,Humansville,41
2025-01-14,Rich Hill,81,Hume,32
2025-01-14,Fair Play,56,Hurley,44
2025-01-14,Belle,77,Iberia,62
2025-01-14,Christian Brothers College,82,Jennings,70
2025-01-14,Lutheran St. Charles,52,John Burroughs,73
2025-01-14,Paseo Academy,26,Kearney,72
2025-01-14,Oran,76,Kelly,51
2025-01-14,Higbee,57,Keytesville,21
2025-01-14,Crystal City,36,Kingston,68
2025-01-14,Sherwood,51,Kingsville,69
2025-01-14,Lafayette (Wildwood),71,Kirkwood,63
2025-01-14,Lafayette County,71,Knob Noster,42
2025-01-14,Cabool,43,Koshkonong,38
2025-01-14,Atlanta,64,La Plata,32
2025-01-14,Platte County,62,Lafayette (St. Joseph),70
2025-01-14,Gallatin,51,Lawson,41
2025-01-14,Republic,67,Lebanon,59
2025-01-14,Lee's Summit West,48,Lee's Summit,51
2025-01-14,Blue Springs South,54,Lee's Summit North,45
2025-01-14,Ft. Zumwalt West,42,Liberty (Wentzville),55
2025-01-14,Blue Springs,52,Liberty North,57
2025-01-14,Mountain Grove,76,Licking,73
2025-01-14,De Smet Jesuit,62,Lindbergh,39
2025-01-14,Everton,30,Lockwood,70
2025-01-14,Westminster Christian Academy,44,Logan-Rogersville,41
2025-01-14,St. Paul Lutheran (Concordia),48,Lone Jack,35
2025-01-14,Tipton,64,Macks Creek,45
2025-01-14,Weaubleau,63,Macks Creek,48
2025-01-14,Harrisburg,83,Macon,68
2025-01-14,Marion County,80,Macon County with Bucklin,46
2025-01-14,Senath-Hornersville,72,Malden,42
2025-01-14,New Covenant Academy,63,Marion C. Early,55
2025-01-14,Webb City,86,McDonald County,70
2025-01-14,Bevier,24,Meadville,64
2025-01-14,Parkway Central,44,Mehlville,56
2025-01-14,Hickman,49,MICDS,62
2025-01-14,Columbia Independent,55,Missouri Military Academy,71
2025-01-14,Reeds Spring,42,Monett,60
2025-01-14,Hannibal,49,Monroe City,66
2025-01-14,Tarkio with Fairfax,57,Mound City,58
2025-01-14,Marshfield,42,Mt. Vernon,38
2025-01-14,Harrisonville,40,Nevada,61
2025-01-14,Crocker,50,Newburg,40
2025-01-14,Vienna,38,North Andrew,63
2025-01-14,Stanberry,61,North County,57
2025-01-14,Liberty,51,North Kansas City,75
2025-01-14,St. Pius X (Kansas City),64,North Platte,57
2025-01-14,Ft. Zumwalt South,64,North Point,34
2025-01-14,Schuyler County,44,North Shelby,60
2025-01-14,Worth County,48,Northeast (Cairo),45
2025-01-14,Drexel,47,Northeast Vernon County,31
2025-01-14,Fox,49,Northwest (Cedar Hill),59
2025-01-14,Cole Camp,48,Northwest (Hughesville),37
2025-01-14,Rockhurst,54,Oak Park,84
2025-01-14,Leopold,47,Oak Ridge,36
2025-01-14,St. Charles West,46,Orchard Farm,51
2025-01-14,Carrollton,51,Orrick,52
2025-01-14,Lincoln,50,Otterville,46
2025-01-14,Warsaw,52,Owensville,41
2025-01-14,Affton,46,Pacific,71
2025-01-14,Kirksville,65,Palmyra,70
2025-01-14,Fort Osage,49,Park Hill,60
2025-01-14,Grandview,57,Park Hill South,55
2025-01-14,Seckman,46,Parkway South,58
2025-01-14,Marquette,77,Parkway West,59
2025-01-14,Wheaton,33,Pierce City,66
2025-01-14,Campbell,54,Portageville,45
2025-01-14,Lift for Life Academy Charter,46,Principia,67
2025-01-14,New Heights Christian,64,Purdy,53
2025-01-14,Milan,29,Putnam County,58
2025-01-14,Staley,60,Raymore-Peculiar,48
2025-01-14,William Chrisman,34,Raytown,72
2025-01-14,Winnetonka,65,Raytown South,51
2025-01-14,Clarkton,31,Risco,76
2025-01-14,Rockwood Summit,62,Riverview Gardens,61
2025-01-14,Hillcrest,68,Rolla,79
2025-01-14,St. Charles,84,Ruskin,50
2025-01-14,La Monte,36,Sacred Heart,76
2025-01-14,East Prairie,82,Scott County Central,48
2025-01-14,McAuley Catholic,59,South Callaway,14
2025-01-14,Mark Twain,46,South Pemiscot,64
2025-01-14,Pilot Grove,67,Salem,70
2025-01-14,Chaminade College Prep,69,SLUH,38
2025-01-14,Green Ridge,65,Smithton,56
2025-01-14,Summit Christian Academy,72,Sparta,36
2025-01-14,New Bloomfield,45,Slater,76
2025-01-14,Tri-County,51,St. Elizabeth,70
2025-01-14,Van-Far,34,South Shelby,66
2025-01-14,Centralia,46,Southern Boone,68
2025-01-14,Sarcoxie,42,Tuscumbia,58
2025-01-14,Blair Oaks,62,Van-Far,40
2025-01-14,Arcadia Valley,50,Ste. Genevieve,59
2025-01-14,Lamar,61,Wellsville-Middletown,49
2025-01-14,Spokane,21,Winona,75
2025-01-14,Ellington,42,Wright City,53
2025-01-14,Greenville,56,St. Clair,70
2025-01-14,Ladue Horton Watkins,52,University City,56
2025-01-14,Meadow Heights,69,Valley,72
2025-01-14,Hancock,37,Valley Park,60
2025-01-14,Barstow,43,Versailles,53
2025-01-14,Winfield,48,Veritas Christian Academy,44
2025-01-14,Galena,87,Verona,33
2025-01-14,Whitfield,69,Vianney,88
2025-01-14,Bowling Green,45,Warrenton,44
2025-01-14,Camdenton,51,Waynesville,50
2025-01-14,Sweet Springs,46,Wellington-Napoleon,76
2025-01-14,Jefferson (Festus),63,West County,52
2025-01-14,Poplar Bluff,57,West Plains,67
2025-01-14,Senath-Hornersville,54,Westran,63
2025-01-14,Willard,46,Windsor,59
2025-01-14,Plato,36,Winona,34
2025-01-14,Louisiana,51,Wright City,46
2025-01-15,Raytown,76,Belton,50
2025-01-15,Maplewood-Richmond Hts.,64,Brentwood,36
2025-01-15,Green City,70,Brookfield,37
2025-01-15,Neosho,67,Bunker,49
2025-01-15,Archie,28,Butler,57
2025-01-15,Ewing Marion Kauffman,82,Central (Kansas City),66
2025-01-15,Lakeland,69,Chilhowee,28
2025-01-15,Van Buren,81,Clearwater,38
2025-01-15,Veritas Christian Academy,73,Crystal City,61
2025-01-15,Union Star,20,DeKalb,22
2025-01-15,Montgomery County,79,Elsberry,40
2025-01-15,North County,47,Farmington,83
2025-01-15,Priory,48,Francis Howell Central,67
2025-01-15,St. Clair,32,Hermann,48
2025-01-15,South Shelby,40,Hermitage,45
2025-01-15,Miami (Amoret),52,Hume,43
2025-01-15,Vienna,50,Jamestown,40
2025-01-15,Excelsior Springs,62,Lawson,76
2025-01-15,Scott County Central,36,Leeton,66
2025-01-15,St. Michael the Archangel,70,Marshall,33
2025-01-15,Tri-County,64,Mercer,45
2025-01-15,Centralia,47,Mexico,60
2025-01-15,Billings,50,Miller,72
2025-01-15,Helias Catholic,60,Monroe City,42
2025-01-15,Sarcoxie,70,New Bloomfield,63
2025-01-15,Sweet Springs,67,Norborne,30
2025-01-15,Eldon,51,North Callaway,54
2025-01-15,Vienna,34,North Nodaway,33
2025-01-15,University Academy Charter,48,Northeast (Kansas City),18
2025-01-15,Worth County,61,Northeast Nodaway,29
2025-01-15,Keytesville,8,Northwestern (Mendon),52
2025-01-15,Pleasant Hill,54,Oak Grove,59
2025-01-15,Penney,50,Odessa,41
2025-01-15,North Point,46,Parkway North,62
2025-01-15,St. Dominic,54,Pattonville,41
2025-01-15,Woodland,86,Richland (Essex),69
2025-01-15,Hazelwood East,67,Riverview Gardens,53
2025-01-15,Fayette,56,Salem,80
2025-01-15,Battle,80,Savannah,47
2025-01-15,Carrollton,65,Smithton,52
2025-01-15,Caruthersville,78,Summersville,68
2025-01-15,Plattsburg,44,Southeast,39
2025-01-15,Novinger,58,Trenton,69
2025-01-15,Potosi,86,Union,57
2025-01-15,Gateway Science Charter,47,Valley Park,73
2025-01-15,Wheatland,63,Warsaw,49
2025-01-15,St. Francis Borgia,60,Washington,48
2025-01-16,Hancock,55,Affton,59
2025-01-16,King City,57,Albany,23
2025-01-16,Osceola,41,Appleton City,32
2025-01-16,Clinton,56,Archie,31
2025-01-16,Bevier,24,Atlanta,94
2025-01-16,Cassville,39,Aurora,84
2025-01-16,Dora,43,Bakersfield,72
2025-01-16,Versailles,45,Belle,52
2025-01-16,Dexter,68,Bernie,70
2025-01-16,Humansville,28,Blue Eye,43
2025-01-16,Eugene,59,Boonville,49
2025-01-16,Springfield Catholic,103,Bradleyville,37
2025-01-16,St. Elizabeth,55,Braymer,66
2025-01-16,Everton,42,Bronaugh,67
2025-01-16,Gainesville,63,Cabool,21
2025-01-16,Chillicothe,47,California,29
2025-01-16,Richmond,71,Cameron,38
2025-01-16,McDonald County,38,Carthage,72
2025-01-16,Senath-Hornersville,48,Caruthersville,69
2025-01-16,Savannah,31,Central (St. Joseph),74
2025-01-16,Vianney,83,Clayton,62
2025-01-16,Crane,50,Clever,46
2025-01-16,Meadow Heights,64,Crystal City,32
2025-01-16,Westminster Christian Academy,51,De Smet Jesuit,53
2025-01-16,Exeter,28,Diamond,76
2025-01-16,Pembroke Hill,57,East Buchanan,52
2025-01-16,Principia,70,Eureka,24
2025-01-16,Moberly,64,Fulton,50
2025-01-16,Hollister,52,Galena,50
2025-01-16,West Platte,46,Gallatin,42
2025-01-16,Jasper,64,Golden City,69
2025-01-16,Raytown South,53,Grandview,56
2025-01-16,Dadeville,66,Greenfield,50
2025-01-16,New Covenant Academy,45,Halfway,64
2025-01-16,Blair Oaks,62,Hallsville,48
2025-01-16,Sacred Heart,35,Harrisburg,73
2025-01-16,North Callaway,32,Hermann,58
2025-01-16,Barstow,55,Hogan Prep Academy Charter,37
2025-01-16,Butler,54,Holden,45
2025-01-16,North Andrew,47,Jefferson (Conception) with South Nodaway,63
2025-01-16,East (Kansas City),48,KIPP KC Legacy,64
2025-01-16,Orrick,46,La Monte,36
2025-01-16,Northeast (Cairo),71,La Plata,37
2025-01-16,Ritenour,44,Ladue Horton Watkins,60
2025-01-16,Kearney,54,Lafayette (St. Joseph),38
2025-01-16,St. Paul Lutheran (Concordia),52,Lafayette County,74
2025-01-16,Lafayette (Wildwood),45,Liberty (Wentzville),59
2025-01-16,Raymore-Peculiar,56,Liberty North,54
2025-01-16,Paseo Academy,39,Lincoln College Prep,67
2025-01-16,Logan-Rogersville,63,Lindbergh,49
2025-01-16,Northwest (Hughesville),45,Linn,50
2025-01-16,Liberal,48,Lockwood,54
2025-01-16,South Shelby,64,Louisiana,49
2025-01-16,Confluence Prep Academy Charter,43,Lutheran North,61
2025-01-16,Marion County,75,Madison,16
2025-01-16,Milan,37,Marceline,41
2025-01-16,School of the Ozarks,45,Marion C. Early,52
2025-01-16,Bowling Green,74,Mark Twain,24
2025-01-16,Webster Groves,75,McCluer,37
2025-01-16,Cardinal Ritter,47,McCluer North,51
2025-01-16,Union,46,Monett,60
2025-01-16,Pierce City,41,New Heights Christian,59
2025-01-16,Walnut Grove,62,Niangua,43
2025-01-16,Sparta,67,North Platte,39
2025-01-16,Lathrop,50,Northeast (Kansas City),15
2025-01-16,Lift for Life Academy Charter,73,Oakville,56
2025-01-16,Buffalo,42,Osage,72
2025-01-16,Northwest (Cedar Hill),40,Pacific,37
2025-01-16,Platte County,57,Paseo Academy,47
2025-01-16,Valle Catholic,69,Perryville,75
2025-01-16,Calvary Lutheran,56,Richland,31
2025-01-16,West Nodaway with Nodaway-Holt,60,Rock Port,68
2025-01-16,Jennings,68,Rockwood Summit,71
2025-01-16,Charleston,89,Scott County Central,64
2025-01-16,Windsor (Imperial),40,Seckman,51
2025-01-16,Windsor,49,Sherwood,46
2025-01-16,Sarcoxie,57,Slater,51
2025-01-16,Tarkio with Fairfax,54,St. James,48
2025-01-16,Clearwater,54,Stanberry,95
2025-01-16,Grundy County with Newtown-Harris,64,Thayer,22
2025-01-16,Holt,51,St. Charles West,48
2025-01-16,Dixon,65,St. James,50
2025-01-16,Summit Christian Academy,78,St. Pius X (Kansas City),62
2025-01-16,Liberty,45,Staley,59
2025-01-16,Tuscumbia,51,Westran,88
2025-01-16,DeSoto,63,Webb City,43
2025-01-16,Breckenridge,23,Sweet Springs,54
2025-01-16,Marshfield,49,Thayer,58
2025-01-16,Benton,59,Versailles,47
2025-01-16,Tuscumbia,64,Verona,39
2025-01-16,Capital City,61,Warrensburg,47
2025-01-16,Thomas Jefferson Independent Day,70,Wheaton,47
2025-01-16,Lebanon,58,Willard,83
2025-01-16,Wright City,50,Winfield,49
2025-01-17,Wellsville-Middletown,68,Adrian,56
2025-01-17,Duchesne,44,Affton,66
2025-01-17,Midway,49,Archie,53
2025-01-17,Salem,40,Ava,48
2025-01-17,Rock Bridge,55,Battle,71
2025-01-17,Brentwood,56,Bayless,60
2025-01-17,Fayette,41,Belle,62
2025-01-17,Raymore-Peculiar,67,Belton,41
2025-01-17,Niangua,18,Billings,57
2025-01-17,Veritas Christian Academy,58,Bishop DuBourg,42
2025-01-17,Blue Springs South,55,Blue Springs,47
2025-01-17,Van-Far,35,Bowling Green,51
2025-01-17,Grundy County with Newtown-Harris,72,Brashear,60
2025-01-17,Golden City,74,Bronaugh,64
2025-01-17,Warrenton,47,Brunswick,50
2025-01-17,Thayer,82,Cabool,26
2025-01-17,Rolla,71,Camdenton,54
2025-01-17,Nixa,48,Carthage,34
2025-01-17,Pleasant Hill,61,Central (Kansas City),72
2025-01-17,Kelly,42,Chaffee,72
2025-01-17,Hume,41,Chilhowee,49
2025-01-17,SLUH,61,Christian Brothers College,62
2025-01-17,Highland,36,Clark County,45
2025-01-17,Tipton,32,Climax Springs,52
2025-01-17,Windsor,54,Cole Camp,48
2025-01-17,Lone Jack,43,Concordia,50
2025-01-17,Union,38,Confluence Prep Academy Charter,74
2025-01-17,Gainesville,76,Conway,54
2025-01-17,Wellington-Napoleon,50,Crest Ridge,53
2025-01-17,Webb City,39,Cuba,57
2025-01-17,Pattonsburg,62,DeKalb,30
2025-01-17,Westran,57,Dixon,87
2025-01-17,Seneca,59,East Prairie,52
2025-01-17,New Bloomfield,64,Eldon,66
2025-01-17,Clayton,55,Eureka,58
2025-01-17,St. Michael the Archangel,80,Ewing Marion Kauffman,47
2025-01-17,New Heights Christian,74,Exeter,32
2025-01-17,Mt. Vernon,43,Fair Grove,79
2025-01-17,Plattsburg,40,Faith Christian Academy,80
2025-01-17,Central (Park Hills),52,Farmington,84
2025-01-17,Linn,26,Fatima,68
2025-01-17,Hillsboro,40,Festus,37
2025-01-17,Hurley,48,Fordland,57
2025-01-17,Mansfield,52,Forsyth,67
2025-01-17,St. Charles,62,Francis Howell Central,68
2025-01-17,Ft. Zumwalt North,60,Ft. Zumwalt South,47
2025-01-17,Warrensburg,36,Fulton,67
2025-01-17,Madison,19,Glasgow,100
2025-01-17,Ruskin,47,Grandview,87
2025-01-17,Crystal City,44,Grandview (Hillsboro),55
2025-01-17,Leeton,42,Harrisonville,57
2025-01-17,Bolivar,42,Helias Catholic,64
2025-01-17,DeSoto,47,Herculaneum,45
2025-01-17,Wheatland,64,Hermitage,40
2025-01-17,Northwestern (Mendon),42,Higbee,74
2025-01-17,Knob Noster,59,Holden,37
2025-01-17,Licking,78,Iberia,54
2025-01-17,Prairie Home,67,Jamestown,52
2025-01-17,Father Tolton,53,Jefferson City,63
2025-01-17,Miller Career Academy,66,John Burroughs,62
2025-01-17,Nevada,46,Joplin,55
2025-01-17,Summit Christian Academy,54,Kearney,40
2025-01-17,Columbia Independent,61,Keytesville,27
2025-01-17,Poplar Bluff,39,Kickapoo,68
2025-01-17,Bismarck,37,Kingston,51
2025-01-17,Drexel,47,Kingsville,60
2025-01-17,Hannibal,43,Kirksville,60
2025-01-17,Northwest (Hughesville),58,La Monte,33
2025-01-17,St. Pius X (Kansas City),62,Lafayette (St. Joseph),47
2025-01-17,Parkway West,42,Lafayette (Wildwood),60
2025-01-17,Lexington,52,Lafayette County,61
2025-01-17,Miami (Amoret),42,Lakeland,65
2025-01-17,El Dorado Springs,55,Lamar,74
2025-01-17,Crocker,73,Laquey,34
2025-01-17,Southeast,52,Lathrop,47
2025-01-17,Penney,53,Lawson,44
2025-01-17,Liberty North,40,Lee's Summit,70
2025-01-17,Lee's Summit North,45,Lee's Summit West,43
2025-01-17,Willard,36,Lincoln,58
2025-01-17,Elsberry,64,Louisiana,44
2025-01-17,Roosevelt,38,Lutheran South,80
2025-01-17,Weaubleau,63,Macks Creek,46
2025-01-17,Valley Park,59,Maplewood-Richmond Hts.,69
2025-01-17,Wellsville-Middletown,53,Mark Twain,41
2025-01-17,Kirkwood,57,Marquette,58
2025-01-17,Mid-Buchanan,58,Maryville,65
2025-01-17,Polo,56,Maysville,35
2025-01-17,Verona,25,McAuley Catholic,65
2025-01-17,La Plata,51,Meadville,76
2025-01-17,Seckman,52,Mehlville,48
2025-01-17,Tuscumbia,54,Miller,69
2025-01-17,Capital City,60,Moberly,48
2025-01-17,Liberty (Mountain View),53,Mountain Grove,50
2025-01-17,East Newton,51,Neosho,58
2025-01-17,Community,20,New Franklin,68
2025-01-17,Missouri Military Academy,59,New Haven,63
2025-01-17,Plato,61,Newburg,53
2025-01-17,Fredericktown,76,North County,45
2025-01-17,Tri-County,52,North Harrison,68
2025-01-17,Park Hill,58,North Kansas City,66
2025-01-17,Canton,56,North Shelby,49
2025-01-17,Wheaton,45,Northeast Vernon County,66
2025-01-17,Hartville,36,Norwood,42
2025-01-17,Kennett,38,Notre Dame (Cape Girardeau),63
2025-01-17,Marshall,53,Oak Grove,44
2025-01-17,Excelsior Springs,35,Odessa,49
2025-01-17,Breckenridge,27,Orrick,72
2025-01-17,Smithton,73,Otterville,47
2025-01-17,West Plains,70,Ozark,68
2025-01-17,Centralia,58,Palmyra,72
2025-01-17,Riverview Gardens,49,Parkway South,66
2025-01-17,Washington,61,Pattonville,60
2025-01-17,Northeast (Cairo),73,Pilot Grove,67
2025-01-17,Sparta,59,Platte County,56
2025-01-17,Vianney,51,Principia,83
2025-01-17,Gloria Deo Academy,52,Reeds Spring,63
2025-01-17,Green Ridge,24,Sacred Heart,41
2025-01-17,Sweet Springs,56,Scott County Central,46
2025-01-17,Ash Grove,60,Sarcoxie,43
2025-01-17,Atlanta,45,Schuyler County,47
2025-01-17,Schuyler County,64,Senath-Hornersville,50
2025-01-17,Thomas Jefferson Independent Day,74,South Callaway,20
2025-01-17,Clopton,102,South Pemiscot,34
2025-01-17,Warsaw,46,South Shelby,68
2025-01-17,Worth County,43,Salem,67
2025-01-17,Waynesville,40,Savannah,55
2025-01-17,St. Joseph Christian,62,St. James,55
2025-01-17,Owensville,45,Southern Boone,68
2025-01-17,Macon County with Bucklin,75,Thayer,40
2025-01-17,Greenwood,66,Spokane,41
2025-01-17,St. Francis Borgia,37,St. Dominic,60
2025-01-17,Vienna,42,Van-Far,60
2025-01-17,Sikeston,71,Webster Groves,52
2025-01-17,Liberty,45,Staley,59
2025-01-17,Worth County,46,Vienna,42
2025-01-17,Potosi,95,Ste. Genevieve,85
2025-01-17,Northwest (Cedar Hill),43,STEAM Academy,35
2025-01-17,St. James,52,Warsaw,55
2025-01-17,Ft. Zumwalt East,43,Timberland,96
2025-01-17,Ft. Zumwalt West,80,Troy Buchanan,54
2025-01-17,Raytown,59,St. Charles,42
2025-01-17,Chamois,40,Tuscumbia,45
2025-01-17,Hazelwood Central,57,University City,61
2025-01-17,Butler,57,Versailles,62
2025-01-17,Hillcrest,51,Webb City,61
2025-01-17,Valley,56,West County,60
2025-01-17,Knox County,28,Westran,58
2025-01-17,Lift for Life Academy Charter,58,Whitfield,63
2025-01-17,Fort Osage,64,William Chrisman,56
2025-01-17,Houston,44,Willow Springs,80
2025-01-17,Orchard Farm,63,Winfield,48
2025-01-18,North Andrew,49,Albany,44
2025-01-18,Smithville,57,Aurora,64
2025-01-18,Springfield Catholic,52,Bakersfield,38
2025-01-18,Pembroke Hill,34,Benton,31
2025-01-18,Timberland,65,Blair Oaks,48
2025-01-18,Marion C. Early,37,Blue Eye,65
2025-01-18,California,52,Boonville,54
2025-01-18,Princeton,61,Braymer,57
2025-01-18,Gallatin,47,Cameron,41
2025-01-18,Battle,71,Cardinal Ritter,64
2025-01-18,Hallsville,57,Center,51
2025-01-18,Barstow,41,Central (St. Joseph),38
2025-01-18,Eugene,66,Chillicothe,45
2025-01-18,Union,30,Clever,38
2025-01-18,Bradleyville,35,Dora,49
2025-01-18,Versailles,55,East Buchanan,42
2025-01-18,Liberal,68,Greenfield,64
2025-01-18,Maysville,52,Greenwood,70
2025-01-18,Holt,66,Harrisburg,62
2025-01-18,Mexico,52,Hazelwood Central,58
2025-01-18,Sarcoxie,46,Hermann,64
2025-01-18,Webster Groves,64,Hickman,53
2025-01-18,Breckenridge,41,Higbee,93
2025-01-18,Savannah,52,Hogan Prep Academy Charter,39
2025-01-18,School of the Ozarks,38,Humansville,41
2025-01-18,King City,44,Jefferson (Conception) with South Nodaway,54
2025-01-18,Penney,53,Lawson,44
2025-01-18,Dadeville,46,Lockwood,61
2025-01-18,KIPP St. Louis Sr.,80,Metro,18
2025-01-18,Novinger,31,Milan,38
2025-01-18,Crane,37,Monett,50
2025-01-18,Rock Port,66,Mound City,46
2025-01-18,Ritenour,72,Normandy Collaborative,62
2025-01-18,Slater,61,North Callaway,51
2025-01-18,Rich Hill,59,Osceola,50
2025-01-18,Central (Springfield),51,Parkview,44
2025-01-18,New Covenant Academy,56,Pleasant Hope,69
2025-01-18,Brookfield,58,Putnam County,61
2025-01-18,Marionville,45,Reeds Spring,65
2025-01-18,West Platte,59,Richmond,74
2025-01-18,Valle Catholic,58,Saxony Lutheran,40
2025-01-18,Gloria Deo Academy,57,Union,33
2025-01-18,Prairie Home,73,Willard,56
2025-01-18,West Nodaway with Nodaway-Holt,42,Tarkio with Fairfax,37
2025-01-18,Marceline,25,Trenton,55
2025-01-18,Jennings,58,University City,90
2025-01-19,Gallatin,47,Cameron,41
2025-01-20,Reeds Spring,66,Ash Grove,61
2025-01-20,Cabool,22,Bakersfield,64
2025-01-20,Missouri Military Academy,51,Belle,48
2025-01-20,New Covenant Academy,65,Billings,75
2025-01-20,Waynesville,41,Blair Oaks,75
2025-01-20,Chamois,59,Bourbon,22
2025-01-20,Monett,62,Branson,79
2025-01-20,Climax Springs,58,Calvary Lutheran,48
2025-01-20,Lutheran North,67,Clayton,74
2025-01-20,East Carter,60,Clearwater,37
2025-01-20,Elsberry,58,Clopton,73
2025-01-20,Lift for Life Academy Charter,67,Confluence Prep Academy Charter,70
2025-01-20,South Shelby,85,Conway,56
2025-01-20,North Pemiscot,16,Cooter,88
2025-01-20,Niangua,28,Crocker,76
2025-01-20,Appleton City,44,Drexel,47
2025-01-20,Central (Kansas City),69,East (Kansas City),54
2025-01-20,Union,49,Fair Grove,66
2025-01-20,Houston,89,Fordland,81
2025-01-20,Miller Career Academy,71,Francis Howell,70
2025-01-20,Union,40,Ft. Zumwalt West,77
2025-01-20,Slater,49,Fulton,71
2025-01-20,Gloria Deo Academy,61,Galena,70
2025-01-20,Schuyler County,42,Green City,78
2025-01-20,Van-Far,63,Hannibal,47
2025-01-20,SLUH,55,Hazelwood Central,52
2025-01-20,St. Pius X (Festus),31,Hermann,69
2025-01-20,Richmond,65,Holden,34
2025-01-20,St. Charles,62,Holt,67
2025-01-20,Vienna,49,Iberia,71
2025-01-20,Westminster Christian Academy,78,Jennings,31
2025-01-20,Weaubleau,47,Lakeland,35
2025-01-20,Cameron,58,Lathrop,40
2025-01-20,Ruskin,41,Lee's Summit,66
2025-01-20,St. Michael the Archangel,45,Lee's Summit West,53
2025-01-20,Ellington,47,Lesterville,64
2025-01-20,Capital City,54,Lutheran St. Charles,66
2025-01-20,North Shelby,76,Marion County,45
2025-01-20,Clarkton,66,Marquand-Zion,55
2025-01-20,Odessa,70,Marshall,72
2025-01-20,Parkway South,55,Mehlville,33
2025-01-20,Gateway,104,Metro,30
2025-01-20,Neelyville,67,Naylor,34
2025-01-20,Whitfield,70,Normandy Collaborative,66
2025-01-20,Fayette,54,North Callaway,61
2025-01-20,Highland,36,Palmyra,53
2025-01-20,Parkway West,47,Parkway Central,34
2025-01-20,DeLaSalle Charter (KC),28,Paseo Academy,67
2025-01-20,Scott County Central,33,Pilot Grove,76
2025-01-20,Bunker,65,Potosi,70
2025-01-20,New Bloomfield,56,Prairie Home,76
2025-01-20,Webster Groves,54,Principia,68
2025-01-20,Rock Bridge,48,Raytown South,32
2025-01-20,Webb City,23,Rolla,64
2025-01-20,East Buchanan,58,Savannah,44
2025-01-20,Knox County,33,Schuyler County,68
2025-01-20,Central (Cape Girardeau),53,Seneca,51
2025-01-20,Hollister,53,Seneca,60
2025-01-20,St. Pius X (Kansas City),71,Sparta,52
2025-01-20,Faith Christian Academy,67,St. James,72
2025-01-20,Northwestern (Mendon),64,Thayer,32
2025-01-20,Greenwood,69,Spokane,40
2025-01-20,Cuba,38,St. James,52
2025-01-20,Valley,81,St. Paul Lutheran (Farmington),30
2025-01-20,Hermitage,84,Westran,78
2025-01-20,Francis Howell Central,70,Troy Buchanan,47
2025-01-20,St. Vincent,56,Valle Catholic,52
2025-01-20,Priory,42,Valley Park,60
2025-01-20,Winona,63,Van Buren,73
2025-01-20,Adrian,70,Warrensburg,66
2025-01-20,Green Ridge,37,Warsaw,56
2025-01-20,Northland Christian,38,West Platte,76
2025-01-21,Midway,47,Appleton City,55
2025-01-21,Fredericktown,45,Arcadia Valley,44
2025-01-21,KIPP KC Legacy,48,Belton,61
2025-01-21,Bloomfield,38,Bernie,44
2025-01-21,Kairos Charter,20,Bishop DuBourg,81
2025-01-21,Montgomery County,77,Bowling Green,41
2025-01-21,Winona,72,Bradleyville,36
2025-01-21,Valley Park,67,Brentwood,46
2025-01-21,Thomas Jefferson Independent Day,68,Bronaugh,54
2025-01-21,Canton,69,Brookfield,47
2025-01-21,Norborne,13,Brunswick,82
2025-01-21,Mt. Vernon,66,Buffalo,55
2025-01-21,Chadwick,72,Butler,19
2025-01-21,Hallsville,63,Capital City,50
2025-01-21,Kickapoo,62,Carthage,40
2025-01-21,Campbell,82,Caruthersville,75
2025-01-21,Winona,59,Cassville,52
2025-01-21,Ste. Genevieve,65,Central (Park Hills),66
2025-01-21,Park Hill South,60,Central (St. Joseph),55
2025-01-21,Oran,45,Chaffee,48
2025-01-21,North Pemiscot,20,Clarkton,69
2025-01-21,Macks Creek,41,Climax Springs,62
2025-01-21,Pleasant Hill,39,Clinton,67
2025-01-21,Lincoln,50,Cole Camp,31
2025-01-21,Louisiana,68,Community,21
2025-01-21,Westran,76,Conway,69
2025-01-21,Wright City,55,Couch,59
2025-01-21,Blue Eye,45,Crane,59
2025-01-21,Lexington,53,Crest Ridge,42
2025-01-21,Richland,20,Crocker,70
2025-01-21,Northeast (Kansas City),45,Crossroads Prep Charter,42
2025-01-21,Vianney,74,De Smet Jesuit,77
2025-01-21,Puxico,53,Dexter,43
2025-01-21,Tuscumbia,35,Dixon,73
2025-01-21,Maryville,47,East Buchanan,72
2025-01-21,Kennett,61,East Prairie,76
2025-01-21,Wellsville-Middletown,63,El Dorado Springs,59
2025-01-21,Centralia,80,Eldon,60
2025-01-21,Liberty (Mountain View),64,Eminence,46
2025-01-21,Couch,54,Eminence,64
2025-01-21,Lakeland,43,Fair Play,37
2025-01-21,New Bloomfield,74,Fayette,72
2025-01-21,Tuscumbia,40,Forsyth,102
2025-01-21,Kearney,68,Fort Osage,66
2025-01-21,Oakville,69,Fox,48
2025-01-21,Francis Howell,50,Ft. Zumwalt South,66
2025-01-21,Veritas Christian Academy,61,Gateway Science Charter,56
2025-01-21,Scott County Central,51,Gideon,82
2025-01-21,Salem,69,Glasgow,61
2025-01-21,Platte County,52,Grain Valley,85
2025-01-21,Meadville,49,Green City,84
2025-01-21,Neelyville,66,Greenville,51
2025-01-21,Dadeville,49,Halfway,55
2025-01-21,Maplewood-Richmond Hts.,74,Hancock,39
2025-01-21,Van-Far,63,Hannibal,47
2025-01-21,Slater,64,Harrisburg,76
2025-01-21,Perryville,73,Herculaneum,57
2025-01-21,Miami (Amoret),30,Hermitage,69
2025-01-21,Hardin-Central,34,Higbee,73
2025-01-21,Glendale,85,Hillcrest,74
2025-01-21,Farmington,54,Hillsboro,43
2025-01-21,Delta (Deering),60,Holcomb,39
2025-01-21,Walnut Grove,49,Humansville,55
2025-01-21,Chilhowee,38,Hume,39
2025-01-21,Poplar Bluff,47,Jackson,58
2025-01-21,Archie,50,Jasper,53
2025-01-21,Northeast Nodaway,39,Jefferson (Conception) with South Nodaway,77
2025-01-21,St. Vincent,50,Jefferson (Festus),55
2025-01-21,Helias Catholic,57,Jefferson City,58
2025-01-21,Pattonville,44,John Burroughs,68
2025-01-21,Oak Ridge,42,Kelly,80
2025-01-21,Savannah,78,Knob Noster,32
2025-01-21,Salem,73,Koshkonong,47
2025-01-21,Green Ridge,48,La Monte,25
2025-01-21,South Shelby,71,La Plata,51
2025-01-21,Lockwood,51,Lamar,67
2025-01-21,Braymer,47,Lathrop,64
2025-01-21,Sherwood,51,Leeton,57
2025-01-21,Northeast Vernon County,50,Liberal,45
2025-01-21,William Chrisman,47,Liberty,74
2025-01-21,Troy Buchanan,38,Liberty (Wentzville),80
2025-01-21,Park Hill,55,Liberty North,69
2025-01-21,Ava,65,Licking,71
2025-01-21,Hickman,55,Lindbergh,49
2025-01-21,Sarcoxie,68,Linn,40
2025-01-21,Novinger,58,Linn County,63
2025-01-21,Adrian,65,Lone Jack,54
2025-01-21,Dora,39,Lutie,35
2025-01-21,Mexico,64,Macon,32
2025-01-21,Hayti,81,Malden,53
2025-01-21,Gallatin,67,Marceline,51
2025-01-21,Marionville,55,Marion C. Early,34
2025-01-21,Senath-Hornersville,89,Mark Twain,29
2025-01-21,Boonville,57,Marshall,42
2025-01-21,Springfield Catholic,58,Marshfield,48
2025-01-21,Everton,21,McAuley Catholic,66
2025-01-21,Ritenour,44,McCluer North,54
2025-01-21,Bolivar,75,McDonald County,24
2025-01-21,Leopold,65,Meadow Heights,76
2025-01-21,Trenton,67,Milan,53
2025-01-21,Wheaton,48,Miller,78
2025-01-21,Fulton,44,Moberly,64
2025-01-21,Clever,53,Monett,55
2025-01-21,Clark County,33,Monroe City,54
2025-01-21,Stewartsville with Osborn,68,Mound City,34
2025-01-21,Sweet Springs,76,Naylor,52
2025-01-21,Pilot Grove,45,New Franklin,51
2025-01-21,Laquey,52,Newburg,48
2025-01-21,North Platte,56,North Andrew,53
2025-01-21,Wellsville-Middletown,33,North Callaway,76
2025-01-21,West County,78,North County,74
2025-01-21,King City,60,North Harrison,49
2025-01-21,St. Charles,66,North Point,55
2025-01-21,Mehlville,73,Northwest (Cedar Hill),51
2025-01-21,Kingsville,69,Orrick,52
2025-01-21,California,44,Osage,50
2025-01-21,Windsor,54,Otterville,34
2025-01-21,Ozark,64,Parkview,55
2025-01-21,Chillicothe,60,Penney,42
2025-01-21,St. Elizabeth,40,Polo,70
2025-01-21,Worth County,34,Princeton,63
2025-01-21,MICDS,49,Principia,62
2025-01-21,Atlanta,54,Putnam County,51
2025-01-21,Central (Springfield),67,Republic,55
2025-01-21,Osceola,54,Rich Hill,56
2025-01-21,Cooter,51,Risco,82
2025-01-21,DeKalb,15,Rock Port,69
2025-01-21,St. Pius X (Kansas City),45,Rockhurst,69
2025-01-21,Gateway,83,Roosevelt,49
2025-01-21,Purdy,72,Sarcoxie,46
2025-01-21,Delta,66,Saxony Lutheran,54
2025-01-21,Gloria Deo Academy,60,School of the Ozarks,48
2025-01-21,Advance,34,Seneca,88
2025-01-21,Portageville,53,Senath-Hornersville,62
2025-01-21,Carl Junction,66,Seneca,42
2025-01-21,Norwood,67,Smithville,55
2025-01-21,Diamond,53,South Shelby,59
2025-01-21,Northwest (Hughesville),49,Smithton,55
2025-01-21,Keytesville,50,Thayer,62
2025-01-21,Francis Howell Central,48,St. Charles West,55
2025-01-21,Belle,14,St. Clair,51
2025-01-21,Kirkwood,55,St. Dominic,49
2025-01-21,Hermann,43,St. Francis Borgia,60
2025-01-21,Vienna,42,St. Joseph Christian,55
2025-01-21,Father Tolton,61,Staley,82
2025-01-21,Sacred Heart,50,Willard,40
2025-01-21,Mid-Buchanan,39,Summit Christian Academy,70
2025-01-21,St. James,45,Tarkio with Fairfax,62
2025-01-21,Alton,45,Thayer,69
2025-01-21,Ft. Zumwalt West,49,Timberland,81
2025-01-21,Eugene,87,Tipton,56
2025-01-21,Festus,52,Valle Catholic,26
2025-01-21,Excelsior Springs,39,Versailles,66
2025-01-21,Holt,52,Warrenton,36
2025-01-21,Versailles,43,Warsaw,45
2025-01-21,Ft. Zumwalt East,35,Washington,39
2025-01-21,Lebanon,47,Webb City,75
2025-01-21,Oak Grove,67,Wellington-Napoleon,27
2025-01-21,Camdenton,65,West Plains,70
2025-01-21,Kirksville,55,Westran,40
2025-01-21,Niangua,32,Wheatland,70
2025-01-21,Nixa,81,Willard,56
2025-01-21,Gainesville,45,Willow Springs,70
2025-01-21,Bell City,43,Woodland,78
2025-01-21,Clopton,73,Wright City,36
2025-01-22,West County,58,Arcadia Valley,51
2025-01-22,Bourbon,29,Belle,74
2025-01-22,Newburg,87,Belle,58
2025-01-22,Raymore-Peculiar,62,Belton,55
2025-01-22,Northwestern (Mendon),37,Bevier,49
2025-01-22,Braymer,64,Breckenridge,38
2025-01-22,Oak Grove,43,Center,55
2025-01-22,Christian Brothers College,49,Chaminade College Prep,83
2025-01-22,South Pemiscot,50,Columbia Independent,60
2025-01-22,Wright City,45,Couch,49
2025-01-22,Perryville,67,Crystal City,61
2025-01-22,Westran,50,Dixon,61
2025-01-22,Hume,33,Drexel,68
2025-01-22,Wright City,50,Elsberry,52
2025-01-22,Ft. Zumwalt North,59,Ft. Zumwalt East,41
2025-01-22,Veritas Christian Academy,77,Grandview (Hillsboro),71
2025-01-22,Highland,55,Hannibal,45
2025-01-22,New Franklin,43,Harrisburg,55
2025-01-22,Odessa,39,Harrisonville,85
2025-01-22,Boonville,40,Hickman,67
2025-01-22,Van-Far,74,Iberia,57
2025-01-22,Hazelwood West,68,Jennings,72
2025-01-22,Woodland,106,Kelly,67
2025-01-22,Jefferson (Festus),68,Kingston,57
2025-01-22,Marion County,67,Knox County,50
2025-01-22,Carrollton,28,Lafayette County,69
2025-01-22,Stewartsville with Osborn,48,Lawson,46
2025-01-22,Raytown,64,Lee's Summit,63
2025-01-22,Rock Bridge,43,Lee's Summit West,55
2025-01-22,William Chrisman,29,Lincoln College Prep,56
2025-01-22,California,74,Linn,41
2025-01-22,Francis Howell,46,Marquette,55
2025-01-22,Affton,77,McKinley Classical Leadership,40
2025-01-22,Maysville,51,North Platte,66
2025-01-22,Orchard Farm,73,North Point,51
2025-01-22,Penney,59,Orrick,31
2025-01-22,Van-Far,39,Palmyra,69
2025-01-22,Rockwood Summit,61,Parkway Central,55
2025-01-22,Clayton,61,Parkway North,56
2025-01-22,Lutheran South,45,Parkway South,85
2025-01-22,Ladue Horton Watkins,48,Parkway West,41
2025-01-22,Lexington,61,Plattsburg,49
2025-01-22,Atlanta,54,Putnam County,51
2025-01-22,St. Michael the Archangel,52,Raytown South,49
2025-01-22,Holden,53,Scott County Central,23
2025-01-22,North Shelby,70,Schuyler County,68
2025-01-22,Gateway,52,Soldan International Studies,64
2025-01-22,DeSoto,53,Ste. Genevieve,64
2025-01-22,Concordia,34,Tipton,53
2025-01-22,Sarcoxie,57,Versailles,65
2025-01-22,Pacific,25,Washington,44
2025-01-22,Eureka,35,Westminster Christian Academy,42
2025-01-22,Worth County,35,Westran,56
2025-01-22,Duchesne,39,Winfield,42
2025-01-23,Houston,20,Bakersfield,62
2025-01-23,Brashear,59,Bevier,36
2025-01-23,St. Paul Lutheran (Farmington),19,Bismarck,69
2025-01-23,Blue Eye,61,Bradleyville,35
2025-01-23,Clark County,62,Brookfield,46
2025-01-23,East Carter,44,Bunker,43
2025-01-23,Savannah,56,Cameron,49
2025-01-23,Summersville,43,Campbell,64
2025-01-23,Missouri Military Academy,55,Chamois,66
2025-01-23,Moberly,47,Chillicothe,52
2025-01-23,Cooter,58,Clarkton,50
2025-01-23,Sacred Heart,45,Clinton,63
2025-01-23,Tuscumbia,61,Conway,67
2025-01-23,Hayti,101,Delta,72
2025-01-23,Miami (Amoret),35,Drexel,54
2025-01-23,Crossroads Prep Charter,39,East (Kansas City),65
2025-01-23,Lutheran (Kansas City),36,Faith Christian Academy,64
2025-01-23,Winona,50,Forsyth,44
2025-01-23,School of the Ozarks,53,Galena,74
2025-01-23,Maplewood-Richmond Hts.,73,Gateway,61
2025-01-23,Naylor,38,Gideon,69
2025-01-23,Zalma,17,Greenville,57
2025-01-23,Highland,55,Hannibal,45
2025-01-23,Rich Hill,53,Hermitage,56
2025-01-23,Niangua,37,Humansville,64
2025-01-23,Greenfield,45,Jasper,47
2025-01-23,Northland Christian,57,La Monte,46
2025-01-23,Mark Twain,41,La Plata,53
2025-01-23,Rockhurst,56,Lafayette (Wildwood),49
2025-01-23,Grandview,62,Lee's Summit North,73
2025-01-23,Stanberry,50,Lesterville,46
2025-01-23,South Callaway,22,Liberal,67
2025-01-23,Lincoln College Prep,71,Liberty,78
2025-01-23,Mansfield,46,Lutie,42
2025-01-23,Breckenridge,31,Macon County with Bucklin,80
2025-01-23,Golden City,44,McAuley Catholic,64
2025-01-23,Macon,53,Milan,25
2025-01-23,Canton,73,Monroe City,75
2025-01-23,Battle,48,Montgomery County,77
2025-01-23,Owensville,36,Nevada,57
2025-01-23,Northwest (Cedar Hill),57,Normandy Collaborative,58
2025-01-23,Pembroke Hill,60,North Kansas City,65
2025-01-23,Marceline,57,Northeast (Cairo),66
2025-01-23,Calvary Lutheran,49,Otterville,43
2025-01-23,St. Charles,54,Park Hill South,52
2025-01-23,Thomas Jefferson Independent Day,50,Pierce City,52
2025-01-23,Sparta,35,Platte County,70
2025-01-23,KIPP KC Legacy,55,Raymore-Peculiar,57
2025-01-23,Greenwood,54,Reeds Spring,36
2025-01-23,Couch,59,Salem,67
2025-01-23,South Shelby,73,Senath-Hornersville,49
2025-01-23,Pattonville,38,Seckman,36
2025-01-23,Marionville,63,South Shelby,80
2025-01-23,Windsor,56,Salem,81
2025-01-23,Crest Ridge,69,Smithton,31
2025-01-23,Fulton,61,Southern Boone,87
2025-01-23,Springfield Catholic,59,Union,62
2025-01-23,Ft. Zumwalt West,46,St. Charles,45
2025-01-23,Bayless,34,St. Charles West,62
2025-01-23,Laquey,50,St. Clair,52
2025-01-23,Rolla,63,St. James,40
2025-01-23,Chilhowee,28,Willard,58
2025-01-23,Cuba,54,Webb City,44
2025-01-23,Lift for Life Academy Charter,77,Union,42
2025-01-23,Pleasant Hill,55,Warrensburg,43
2025-01-23,Fatima,42,Waynesville,39
2025-01-23,Branson,73,Webster Groves,78
2025-01-23,Lafayette County,72,Wellington-Napoleon,53
2025-01-23,Hume,41,Wheatland,48
2025-01-23,Bishop DuBourg,33,Whitfield,77
2025-01-23,Eminence,46,Winona,48
2025-01-24,Clinton,53,Adrian,40
2025-01-24,Liberty (Mountain View),68,Alton,50
2025-01-24,Lakeland,56,Appleton City,46
2025-01-24,Spokane,49,Ash Grove,61
2025-01-24,Clever,51,Ava,25
2025-01-24,Lincoln College Prep,67,Belton,60
2025-01-24,Arcadia Valley,61,Bismarck,47
2025-01-24,Hollister,42,Blue Eye,47
2025-01-24,Grain Valley,55,Blue Springs,62
2025-01-24,Liberty North,51,Blue Springs South,54
2025-01-24,Monett,45,Bolivar,69
2025-01-24,Hallsville,59,Boonville,57
2025-01-24,Savannah,42,Braymer,32
2025-01-24,Hancock,32,Brentwood,63
2025-01-24,South Callaway,58,Bronaugh,65
2025-01-24,El Dorado Springs,51,Buffalo,59
2025-01-24,Fordland,64,Cabool,53
2025-01-24,Columbia Independent,57,Calvary Lutheran,48
2025-01-24,Bishop LeBlond,64,Cameron,40
2025-01-24,Tuscumbia,68,Cassville,70
2025-01-24,Fredericktown,70,Central (Park Hills),54
2025-01-24,Hillcrest,52,Central (Springfield),79
2025-01-24,Fort Osage,68,Central (St. Joseph),65
2025-01-24,Northeast (Cairo),28,Centralia,75
2025-01-24,Vianney,75,Christian Brothers College,78
2025-01-24,Highland,35,Clark County,44
2025-01-24,STEAM Academy,36,Clayton,82
2025-01-24,Fair Play,32,Climax Springs,50
2025-01-24,North Callaway,47,Clopton,72
2025-01-24,Willard,56,Cole Camp,40
2025-01-24,Hardin-Central,30,Concordia,46
2025-01-24,Vienna,61,Conway,56
2025-01-24,Marion C. Early,42,Crane,74
2025-01-24,Archie,52,Crest Ridge,72
2025-01-24,Plato,46,Crocker,49
2025-01-24,West Nodaway with Nodaway-Holt,74,DeKalb,9
2025-01-24,Kelly,71,Delta,101
2025-01-24,Gideon,82,Delta (Deering),55
2025-01-24,Seneca,52,Diamond,53
2025-01-24,Van-Far,41,Dixon,65
2025-01-24,East Prairie,86,Doniphan,61
2025-01-24,Smithville,60,Dora,30
2025-01-24,Osceola,49,Drexel,42
2025-01-24,Bishop DuBourg,53,Duchesne,55
2025-01-24,Paseo Academy,64,East (Kansas City),51
2025-01-24,Lathrop,35,East Buchanan,81
2025-01-24,Seckman,88,Elsberry,59
2025-01-24,Harrisburg,62,Eugene,86
2025-01-24,Northeast (Kansas City),15,Ewing Marion Kauffman,45
2025-01-24,Perryville,57,Festus,71
2025-01-24,Affton,57,Fox,63
2025-01-24,Liberty (Wentzville),58,Francis Howell,44
2025-01-24,Washington,42,Ft. Zumwalt North,55
2025-01-24,Mountain Grove,74,Gainesville,65
2025-01-24,Maysville,45,Gallatin,51
2025-01-24,Otterville,40,Green Ridge,39
2025-01-24,Niangua,19,Greenfield,64
2025-01-24,Mercer,37,Grundy County with Newtown-Harris,55
2025-01-24,Hermitage,52,Halfway,61
2025-01-24,Logan-Rogersville,45,Hartville,33
2025-01-24,Eureka,54,Hazelwood Central,34
2025-01-24,Westminster Christian Academy,67,Hazelwood West,30
2025-01-24,Capital City,35,Helias Catholic,60
2025-01-24,DeSoto,38,Hillsboro,58
2025-01-24,Winfield,55,Holt,78
2025-01-24,Wheaton,53,Hurley,68
2025-01-24,Westran,66,Iberia,79
2025-01-24,Central (Cape Girardeau),48,Jackson,42
2025-01-24,Herculaneum,47,Jefferson (Festus),65
2025-01-24,Branson,71,Joplin,41
2025-01-24,Excelsior Springs,31,Kearney,74
2025-01-24,Sikeston,95,Kennett,52
2025-01-24,Mexico,66,Kirksville,48
2025-01-24,McCluer North,63,Kirkwood,61
2025-01-24,Carrollton,42,Knob Noster,50
2025-01-24,Wright City,63,Koshkonong,59
2025-01-24,Marion County,59,La Plata,41
2025-01-24,Hogan Prep Academy Charter,24,Lafayette (St. Joseph),52
2025-01-24,Grandview,42,Lafayette (Wildwood),48
2025-01-24,Holden,48,Lafayette County,93
2025-01-24,Chadwick,71,Lamar,37
2025-01-24,Neosho,61,Lebanon,70
2025-01-24,Rock Bridge,55,Lee's Summit,60
2025-01-24,Rockhurst,63,Lee's Summit North,53
2025-01-24,Raytown,57,Lee's Summit West,55
2025-01-24,Richland (Essex),51,Leopold,13
2025-01-24,Raymore-Peculiar,61,Liberty,65
2025-01-24,Richland,38,Licking,82
2025-01-24,Northwest (Hughesville),36,Lincoln,53
2025-01-24,Fayette,50,Linn,46
2025-01-24,Brunswick,41,Linn County,43
2025-01-24,Butler,38,Lockwood,57
2025-01-24,Bradleyville,73,Lutie,53
2025-01-24,Weaubleau,64,Macks Creek,52
2025-01-24,Bevier,24,Macon County with Bucklin,65
2025-01-24,Salem,69,Madison,18
2025-01-24,Willow Springs,64,Mansfield,56
2025-01-24,University City,67,Marquette,52
2025-01-24,Macon,46,Marshall,68
2025-01-24,Gateway Science Charter,55,McKinley Classical Leadership,85
2025-01-24,Advance,43,Meadow Heights,45
2025-01-24,Ladue Horton Watkins,63,Mehlville,42
2025-01-24,Humansville,66,Miami (Amoret),35
2025-01-24,John Burroughs,58,MICDS,41
2025-01-24,Jasper,36,Midway,34
2025-01-24,Wellsville-Middletown,42,Mt. Vernon,61
2025-01-24,St. Clair,38,Neelyville,53
2025-01-24,Webb City,68,Nevada,36
2025-01-24,Sarcoxie,62,New Bloomfield,61
2025-01-24,Jamestown,50,New Franklin,76
2025-01-24,Keytesville,28,Norborne,53
2025-01-24,Northwest (Cedar Hill),57,Normandy Collaborative,58
2025-01-24,Albany,46,North Andrew,49
2025-01-24,Worth County,52,North Harrison,44
2025-01-24,St. Charles,59,North Kansas City,67
2025-01-24,Jefferson (Conception) with South Nodaway,67,North Nodaway,44
2025-01-24,Sweet Springs,72,North Pemiscot,46
2025-01-24,Ft. Zumwalt East,38,North Point,45
2025-01-24,Mound City,76,Northeast Nodaway,33
2025-01-24,Meadville,78,Northwestern (Mendon),60
2025-01-24,Green City,77,Novinger,27
2025-01-24,Summit Christian Academy,69,Oak Grove,39
2025-01-24,Chaffee,54,Oak Ridge,39
2025-01-24,Center,66,Odessa,28
2025-01-24,Bell City,60,Oran,57
2025-01-24,Winnetonka,45,Park Hill,52
2025-01-24,Pembroke Hill,52,Park Hill South,63
2025-01-24,Oakville,58,Parkway Central,53
2025-01-24,Vienna,53,Pattonsburg,36
2025-01-24,North Platte,67,Penney,52
2025-01-24,Lawson,51,Plattsburg,46
2025-01-24,Billings,57,Pleasant Hope,60
2025-01-24,North County,41,Potosi,80
2025-01-24,Pilot Grove,79,Prairie Home,93
2025-01-24,St. Joseph Christian,60,Princeton,80
2025-01-24,Principia,74,Priory,25
2025-01-24,Verona,29,Purdy,66
2025-01-24,Ruskin,56,Raytown South,60
2025-01-24,Lexington,75,Richmond,70
2025-01-24,Parkway West,35,Ritenour,48
2025-01-24,King City,55,Rock Port,70
2025-01-24,Parkway South,60,Rockwood Summit,56
2025-01-24,Westran,54,Schuyler County,36
2025-01-24,South Shelby,71,Sarcoxie,43
2025-01-24,St. Pius X (Festus),24,Saxony Lutheran,38
2025-01-24,Senath-Hornersville,60,Schuyler County,75
2025-01-24,Windsor (Imperial),32,Seneca,61
2025-01-24,Louisiana,70,South Pemiscot,56
2025-01-24,Jefferson City,73,Savannah,58
2025-01-24,La Monte,51,Smithton,62
2025-01-24,Tipton,62,Slater,66
2025-01-24,Putnam County,74,St. Elizabeth,66
2025-01-24,Union Star,15,St. James,73
2025-01-24,Senath-Hornersville,58,Summersville,59
2025-01-24,Union,61,Southern Boone,71
2025-01-24,Scott County Central,18,St. Paul Lutheran (Concordia),55
2025-01-24,Barstow,43,St. Pius X (Kansas City),46
2025-01-24,Farmington,91,Ste. Genevieve,75
2025-01-24,Tarkio with Fairfax,65,Stewartsville with Osborn,71
2025-01-24,Glasgow,59,Worth County,38
2025-01-24,Lone Jack,56,Sweet Springs,47
2025-01-24,Ft. Zumwalt South,41,Timberland,77
2025-01-24,Polo,50,Trenton,47
2025-01-24,Francis Howell North,52,Troy Buchanan,71
2025-01-24,West County,54,Valle Catholic,49
2025-01-24,Kingston,36,Valley,47
2025-01-24,Bayless,53,Valley Park,62
2025-01-24,Bowling Green,66,Veritas Christian Academy,54
2025-01-24,Sherwood,63,Versailles,76
2025-01-24,Everton,34,Walnut Grove,66
2025-01-24,California,48,Warrensburg,39
2025-01-24,Orchard Farm,63,Warrenton,47
2025-01-24,Leeton,52,Wellington-Napoleon,48
2025-01-24,New Haven,44,Wellsville-Middletown,59
2025-01-24,Parkview,82,West Plains,48
2025-01-24,Mid-Buchanan,63,West Platte,45
2025-01-24,Dadeville,28,Wheatland,66
2025-01-24,KIPP KC Legacy,81,William Chrisman,48
2025-01-24,Sacred Heart,57,Windsor,49
2025-01-24,Bloomfield,26,Woodland,58
2025-01-25,Cassville,76,Ash Grove,55
2025-01-25,Salem,52,Bakersfield,44
2025-01-25,Newburg,40,Belle,48
2025-01-25,Lockwood,44,Buffalo,51
2025-01-25,Lesterville,35,Bunker,61
2025-01-25,Chillicothe,36,Camdenton,47
2025-01-25,Van-Far,60,Canton,65
2025-01-25,Mt. Vernon,32,Chadwick,57
2025-01-25,Winfield,48,Clopton,73
2025-01-25,Sarcoxie,69,Cole Camp,43
2025-01-25,Willard,56,Cole Camp,40
2025-01-25,Houston,63,Couch,60
2025-01-25,Fatima,52,Cuba,46
2025-01-25,Stanberry,58,East Carter,46
2025-01-25,Cardinal Ritter,74,Farmington,53
2025-01-25,Wright City,58,Fordland,53
2025-01-25,Reeds Spring,42,Forsyth,77
2025-01-25,Pembroke Hill,62,Grandview,52
2025-01-25,Willard,52,Higbee,57
2025-01-25,Campbell,85,Holcomb,45
2025-01-25,Park Hill South,57,Lafayette (Wildwood),44
2025-01-25,Wellsville-Middletown,40,Lamar,63
2025-01-25,St. Charles,54,Lee's Summit North,63
2025-01-25,St. Paul Lutheran (Concordia),54,Lutheran (Kansas City),36
2025-01-25,Lutheran North,61,Lutheran South,47
2025-01-25,Laquey,71,Missouri Military Academy,74
2025-01-25,Palmyra,50,Monroe City,62
2025-01-25,Fair Grove,51,Nevada,53
2025-01-25,Rockhurst,42,North Kansas City,65
2025-01-25,South Shelby,65,North Shelby,62
2025-01-25,Thomas Jefferson Independent Day,61,Northeast Vernon County,37
2025-01-25,Blair Oaks,64,Rolla,67
2025-01-25,Spokane,36,Tuscumbia,59
2025-01-25,Chamois,24,St. Clair,48
2025-01-25,Greenwood,47,Winona,45
2025-01-25,Waynesville,56,Webb City,32
2025-01-25,Kingston,55,Valle Catholic,60
2025-01-25,St. Dominic,66,Vianney,85
2025-01-25,Macks Creek,52,Walnut Grove,70
2025-01-25,Willard,32,Webster Groves,65
2025-01-27,Puxico,74,Advance,39
2025-01-27,St. James,54,Albany,33
2025-01-27,Warsaw,46,Appleton City,39
2025-01-27,Valle Catholic,55,Arcadia Valley,51
2025-01-27,Lockwood,54,Ash Grove,64
2025-01-27,Pacific,65,Bayless,81
2025-01-27,Warrenton,62,Belle,56
2025-01-27,Thayer,47,Bevier,54
2025-01-27,Gateway Science Charter,45,Bishop DuBourg,66
2025-01-27,Osage,78,Boonville,59
2025-01-27,Scott County Central,22,Brunswick,77
2025-01-27,Southern Boone,55,Capital City,66
2025-01-27,Pilot Grove,57,Carrollton,55
2025-01-27,De Smet Jesuit,52,Chaminade College Prep,68
2025-01-27,Cooter,58,Clarkton,50
2025-01-27,Parkway South,62,Clayton,57
2025-01-27,Walnut Grove,45,Climax Springs,64
2025-01-27,Oak Grove,43,Clinton,56
2025-01-27,New Franklin,64,Community,25
2025-01-27,South Shelby,85,Conway,56
2025-01-27,Bismarck,52,Crystal City,38
2025-01-27,Maysville,68,DeKalb,10
2025-01-27,Richland (Essex),42,Dexter,66
2025-01-27,Plato,35,Dixon,74
2025-01-27,Koshkonong,35,Dora,69
2025-01-27,Lathrop,46,East Buchanan,71
2025-01-27,Perryville,62,East Prairie,94
2025-01-27,Versailles,52,Eugene,74
2025-01-27,Northwest (Hughesville),45,Faith Christian Academy,62
2025-01-27,Priory,37,Ft. Zumwalt North,69
2025-01-27,Exeter,33,Galena,78
2025-01-27,Jamestown,54,Glasgow,70
2025-01-27,Windsor (Imperial),69,Hancock,25
2025-01-27,La Monte,24,Hardin-Central,29
2025-01-27,Christian Brothers College,48,Hazelwood Central,60
2025-01-27,Parkway West,40,Hazelwood East,78
2025-01-27,Gloria Deo Academy,58,Hurley,44
2025-01-27,South Callaway,44,Jasper,57
2025-01-27,St. Joseph Christian,47,Jefferson (Conception) with South Nodaway,53
2025-01-27,Ritenour,77,Jennings,65
2025-01-27,Northeast Nodaway,17,King City,64
2025-01-27,SLUH,60,Kirkwood,40
2025-01-27,Mountain Grove,60,Liberty (Mountain View),58
2025-01-27,Meadville,77,Linn County,49
2025-01-27,Liberty (Wentzville),68,Lutheran St. Charles,58
2025-01-27,Hartville,69,Marshfield,34
2025-01-27,Veritas Christian Academy,78,Missouri Military Academy,64
2025-01-27,Doniphan,60,Naylor,49
2025-01-27,Clearwater,37,Neelyville,93
2025-01-27,Webster Groves,78,Normandy Collaborative,38
2025-01-27,West Platte,61,North Andrew,45
2025-01-27,Tri-County,49,North Nodaway,51
2025-01-27,Knox County,45,Northeast (Cairo),68
2025-01-27,Herculaneum,53,Northwest (Cedar Hill),54
2025-01-27,Bishop LeBlond,67,Odessa,54
2025-01-27,Battle,81,Parkway Central,46
2025-01-27,St. Dominic,58,Parkway North,66
2025-01-27,Barstow,39,Platte County,56
2025-01-27,Northland Christian,47,Plattsburg,66
2025-01-27,Summersville,74,Portageville,47
2025-01-27,Union Star,13,Princeton,66
2025-01-27,Wellington-Napoleon,37,Richmond,83
2025-01-27,Lift for Life Academy Charter,52,Rockwood Summit,48
2025-01-27,Worth County,39,Schuyler County,48
2025-01-27,Trenton,48,Savannah,53
2025-01-27,Hayti,60,Senath-Hornersville,50
2025-01-27,Sweet Springs,52,Salem,95
2025-01-27,New Bloomfield,36,Slater,57
2025-01-27,Chamois,50,Van-Far,61
2025-01-27,Central (Kansas City),35,St. Michael the Archangel,74
2025-01-27,Grandview (Hillsboro),71,St. Paul Lutheran (Farmington),41
2025-01-27,Delta,83,St. Vincent,79
2025-01-27,Stewartsville with Osborn,48,Vienna,36
2025-01-27,Valley Park,72,Webb City,56
2025-01-27,McKinley Classical Leadership,76,West Plains,86
2025-01-27,Pattonville,56,Timberland,82
2025-01-27,Rock Bridge,78,Troy Buchanan,33
2025-01-27,Norborne,45,Wellsville-Middletown,58
2025-01-28,Lone Jack,36,Adrian,64
2025-01-28,St. Pius X (Festus),55,Affton,66
2025-01-28,Winona,54,Alton,48
2025-01-28,Drexel,52,Archie,63
2025-01-28,Mt. Vernon,51,Aurora,61
2025-01-28,Blue Eye,37,Ava,35
2025-01-28,Dora,44,Bakersfield,80
2025-01-28,Woodland,82,Bell City,56
2025-01-28,Warrenton,62,Belle,56
2025-01-28,Bloomfield,42,Bernie,60
2025-01-28,Mansfield,70,Billings,50
2025-01-28,Fayette,21,Blair Oaks,79
2025-01-28,Staley,74,Blue Springs,63
2025-01-28,Platte County,54,Blue Springs South,76
2025-01-28,North Callaway,52,Bowling Green,65
2025-01-28,Lutie,33,Bradleyville,57
2025-01-28,Green City,74,Brashear,46
2025-01-28,South Callaway,46,Bronaugh,37
2025-01-28,Milan,39,Brookfield,48
2025-01-28,Fatima,38,Camdenton,39
2025-01-28,Bishop LeBlond,54,Cameron,38
2025-01-28,Senath-Hornersville,63,Campbell,73
2025-01-28,Hillsboro,40,Central (Cape Girardeau),53
2025-01-28,East (Kansas City),31,Central (Kansas City),29
2025-01-28,Malden,49,Central (New Madrid County),60
2025-01-28,Webb City,51,Central (Springfield),70
2025-01-28,Marshall,47,Centralia,55
2025-01-28,Doniphan,66,Clearwater,39
2025-01-28,Nevada,62,Clinton,42
2025-01-28,South Pemiscot,32,Clopton,71
2025-01-28,Sacred Heart,58,Cole Camp,39
2025-01-28,Tuscumbia,60,Columbia Independent,49
2025-01-28,Leeton,32,Crest Ridge,61
2025-01-28,Gainesville,58,Crocker,71
2025-01-28,Owensville,38,Cuba,53
2025-01-28,Greenfield,41,Dadeville,61
2025-01-28,Neelyville,40,East Carter,29
2025-01-28,Seneca,41,East Newton,49
2025-01-28,Winfield,67,Elsberry,45
2025-01-28,Couch,54,Eminence,64
2025-01-28,Humansville,70,Everton,49
2025-01-28,Center,49,Ewing Marion Kauffman,47
2025-01-28,Golden City,58,Exeter,47
2025-01-28,Hollister,39,Fair Grove,81
2025-01-28,Festus,42,Farmington,57
2025-01-28,Buffalo,43,Forsyth,87
2025-01-28,Mehlville,71,Fox,44
2025-01-28,Ft. Zumwalt West,51,Francis Howell North,56
2025-01-28,Stanberry,57,Fredericktown,47
2025-01-28,Ft. Zumwalt East,44,Ft. Zumwalt South,51
2025-01-28,Harrisburg,69,Fulton,58
2025-01-28,Penney,59,Gallatin,60
2025-01-28,Miller Career Academy,76,Gateway,37
2025-01-28,Risco,77,Gideon,51
2025-01-28,Neosho,53,Glendale,76
2025-01-28,Fort Osage,58,Grain Valley,64
2025-01-28,Macon County with Bucklin,35,Grundy County with Newtown-Harris,65
2025-01-28,Linn,31,Hallsville,79
2025-01-28,Hume,39,Harrisonville,90
2025-01-28,Portageville,32,Hayti,73
2025-01-28,Charleston,57,Hazelwood Central,61
2025-01-28,New Haven,33,Hermann,90
2025-01-28,Helias Catholic,55,Hickman,59
2025-01-28,Keytesville,22,Higbee,66
2025-01-28,Monroe City,72,Highland,22
2025-01-28,Clarkton,75,Holcomb,53
2025-01-28,Sherwood,54,Holden,29
2025-01-28,Notre Dame (Cape Girardeau),45,Jackson,60
2025-01-28,Whitfield,53,John Burroughs,72
2025-01-28,Saxony Lutheran,67,Kelly,60
2025-01-28,Joplin,32,Kickapoo,63
2025-01-28,Potosi,77,Kingston,65
2025-01-28,Moberly,44,Kirksville,47
2025-01-28,Lutheran (Kansas City),26,Knob Noster,41
2025-01-28,Putnam County,69,Knox County,63
2025-01-28,Otterville,58,La Monte,38
2025-01-28,Novinger,58,La Plata,60
2025-01-28,Westminster Christian Academy,54,Ladue Horton Watkins,50
2025-01-28,St. Elizabeth,41,Lafayette County,64
2025-01-28,Osceola,70,Lakeland,47
2025-01-28,Cassville,77,Lamar,90
2025-01-28,Houston,40,Laquey,59
2025-01-28,Braymer,67,Lawson,55
2025-01-28,Raymore-Peculiar,54,Lee's Summit,60
2025-01-28,Chaffee,45,Leopold,49
2025-01-28,Bismarck,44,Lesterville,54
2025-01-28,Concordia,41,Lexington,71
2025-01-28,Park Hill South,55,Liberty,70
2025-01-28,Lee's Summit North,70,Liberty North,65
2025-01-28,Green Ridge,35,Lincoln,41
2025-01-28,Southeast,34,Lincoln College Prep,55
2025-01-28,Van-Far,67,Louisiana,37
2025-01-28,Mark Twain,26,Macon,71
2025-01-28,Northwestern (Mendon),53,Madison,38
2025-01-28,Atlanta,57,Marion County,70
2025-01-28,Sarcoxie,55,Marionville,58
2025-01-28,McCluer,55,Marquette,71
2025-01-28,West Plains,53,Marshfield,41
2025-01-28,Wheaton,18,McAuley Catholic,59
2025-01-28,Eureka,53,McCluer North,44
2025-01-28,Metro,56,McKinley Classical Leadership,78
2025-01-28,Palmyra,40,Mexico,89
2025-01-28,Chilhowee,48,Miami (Amoret),71
2025-01-28,Polo,42,Mid-Buchanan,71
2025-01-28,Rich Hill,58,Midway,41
2025-01-28,Pierce City,39,Miller,31
2025-01-28,Wright City,21,Montgomery County,84
2025-01-28,North Platte,84,Mound City,46
2025-01-28,Norwood,71,Mountain Grove,56
2025-01-28,Greenville,44,Naylor,39
2025-01-28,Westran,100,Niangua,35
2025-01-28,Parkview,47,Nixa,73
2025-01-28,Pattonsburg,48,North Harrison,56
2025-01-28,Central (St. Joseph),44,Oak Park,96
2025-01-28,Oak Ridge,48,Oran,66
2025-01-28,Holt,48,Orchard Farm,60
2025-01-28,Carthage,73,Ozark,67
2025-01-28,Lindbergh,55,Pattonville,45
2025-01-28,Kennett,72,Poplar Bluff,65
2025-01-28,Ruskin,60,Raytown,84
2025-01-28,Winona,57,Reeds Spring,48
2025-01-28,Fordland,82,Richland,42
2025-01-28,Worth County,47,Rock Port,41
2025-01-28,De Smet Jesuit,80,Rolla,60
2025-01-28,Senath-Hornersville,56,Schuyler County,62
2025-01-28,Seneca,69,Scott County Central,28
2025-01-28,St. Charles West,35,Seckman,44
2025-01-28,Eldon,40,Savannah,68
2025-01-28,Raytown South,77,Sparta,48
2025-01-28,Cooter,48,Summersville,91
2025-01-28,Northeast (Cairo),51,South Shelby,73
2025-01-28,Willow Springs,43,Union,42
2025-01-28,Pleasant Hope,67,Spokane,47
2025-01-28,Clever,49,Springfield Catholic,52
2025-01-28,St. James,56,St. Clair,48
2025-01-28,Hermitage,53,Van-Far,87
2025-01-28,Orrick,48,St. Paul Lutheran (Concordia),51
2025-01-28,Benton,64,St. Pius X (Kansas City),53
2025-01-28,Ste. Genevieve,63,St. Vincent,76
2025-01-28,Salem,43,Warsaw,54
2025-01-28,Diamond,38,Wellsville-Middletown,64
2025-01-28,Northwest (Hughesville),44,Willard,31
2025-01-28,Van Buren,67,Wright City,35
2025-01-28,Hogan Prep Academy Charter,40,Summit Christian Academy,77
2025-01-28,Licking,37,Thayer,61
2025-01-28,Northeast Vernon County,36,Thomas Jefferson Independent Day,56
2025-01-28,East Prairie,69,St. Clair,31
2025-01-28,St. Francis Borgia,69,Union,52
2025-01-28,Jefferson (Festus),62,Valle Catholic,63
2025-01-28,Roosevelt,25,Waynesville,86
2025-01-28,New Heights Christian,77,Verona,29
2025-01-28,MICDS,55,Vianney,61
2025-01-28,Iberia,68,Vienna,63
2025-01-28,Lutheran South,55,Washington,51
2025-01-28,Willard,55,Waynesville,38
2025-01-28,Fair Play,33,Weaubleau,64
2025-01-28,Central (Park Hills),51,West County,57
2025-01-28,Maryville,48,West Nodaway with Nodaway-Holt,60
2025-01-28,Belton,71,William Chrisman,55
2025-01-28,Smithton,68,Windsor,59
2025-01-28,Grandview,49,Winnetonka,61
2025-01-29,Richland (Essex),52,Advance,48
2025-01-29,DeKalb,14,Albany,42
2025-01-29,Dora,51,Alton,68
2025-01-29,Lakeland,50,Appleton City,42
2025-01-29,Windsor (Imperial),58,Bayless,45
2025-01-29,Bloomfield,43,Bell City,48
2025-01-29,Plattsburg,54,Braymer,66
2025-01-29,Bishop DuBourg,37,Brentwood,53
2025-01-29,Pilot Grove,54,Brunswick,80
2025-01-29,Pleasant Hill,48,Butler,43
2025-01-29,Scott County Central,32,Carrollton,62
2025-01-29,New Bloomfield,73,Community,42
2025-01-29,Wright City,45,Couch,49
2025-01-29,Purdy,68,Crane,77
2025-01-29,Perryville,59,DeSoto,47
2025-01-29,Jefferson (Festus),59,Festus,47
2025-01-29,Westran,90,Fordland,56
2025-01-29,Webster Groves,71,Ft. Zumwalt North,69
2025-01-29,Pacific,62,Hancock,23
2025-01-29,Liberty (Wentzville),50,Hazelwood East,65
2025-01-29,Liberty,50,Hazelwood East,65
2025-01-29,Sweet Springs,60,Jamestown,69
2025-01-29,Norborne,48,Keytesville,31
2025-01-29,Stewartsville with Osborn,52,King City,39
2025-01-29,Otterville,35,Kingsville,51
2025-01-29,Parkway Central,51,Kirkwood,67
2025-01-29,Mercer,56,Macon County with Bucklin,65
2025-01-29,Thayer,50,Madison,56
2025-01-29,Portageville,55,Malden,51
2025-01-29,St. James,44,Maysville,59
2025-01-29,North Andrew,52,Mound City,40
2025-01-29,Bourbon,46,Newburg,82
2025-01-29,Priory,55,Normandy Collaborative,52
2025-01-29,Arcadia Valley,45,North County,72
2025-01-29,Vienna,60,Northeast Nodaway,26
2025-01-29,Valley Park,59,Northwest (Cedar Hill),45
2025-01-29,Cameron,39,Odessa,50
2025-01-29,Rock Bridge,67,Parkway North,56
2025-01-29,Ft. Zumwalt East,28,Parkway South,57
2025-01-29,Lutheran St. Charles,58,Parkway West,56
2025-01-29,Crossroads Prep Charter,54,Paseo Academy,64
2025-01-29,St. Elizabeth,55,Penney,58
2025-01-29,St. Joseph Christian,49,Polo,62
2025-01-29,Green City,67,Putnam County,54
2025-01-29,Jennings,66,Riverview Gardens,63
2025-01-29,South Shelby,49,Smithville,63
2025-01-29,Glasgow,49,Salem,52
2025-01-29,Battle,70,SLUH,69
2025-01-29,New Franklin,52,Slater,41
2025-01-29,Duchesne,37,St. Charles West,48
2025-01-29,Tipton,47,St. Paul Lutheran (Concordia),65
2025-01-29,Herculaneum,41,Webb City,40
2025-01-29,Lathrop,50,Trenton,42
2025-01-29,Union Star,11,Tri-County,56
2025-01-29,St. Dominic,88,Troy Buchanan,35
2025-01-29,University City,58,Webster Groves,74
2025-01-29,East (Kansas City),42,Wellington-Napoleon,38
2025-01-29,Crystal City,33,West County,63
2025-01-29,Schuyler County,44,Westran,58
2025-01-30,Rich Hill,56,Adrian,47
2025-01-30,Bishop DuBourg,55,Affton,58
2025-01-30,Harrisonville,65,Archie,48
2025-01-30,Union,64,Ava,59
2025-01-30,Winona,43,Bakersfield,47
2025-01-30,Richland (Essex),64,Bell City,56
2025-01-30,New Haven,26,Belle,49
2025-01-30,Woodland,90,Bernie,67
2025-01-30,Northwestern (Mendon),50,Bevier,18
2025-01-30,Gainesville,71,Billings,61
2025-01-30,Willow Springs,60,Blue Eye,38
2025-01-30,Barstow,20,Blue Springs South,69
2025-01-30,Van-Far,58,Bowling Green,61
2025-01-30,Thayer,73,Branson,44
2025-01-30,Rock Port,62,Braymer,58
2025-01-30,Savannah,87,Camdenton,40
2025-01-30,Blair Oaks,52,Centralia,51
2025-01-30,Everton,27,Chadwick,70
2025-01-30,Meadow Heights,48,Chaffee,52
2025-01-30,Wheatland,59,Climax Springs,43
2025-01-30,Winfield,58,Clopton,54
2025-01-30,Lutheran (Kansas City),42,Concordia,44
2025-01-30,Kairos Charter,32,Confluence Prep Academy Charter,98
2025-01-30,Portageville,63,Cooter,52
2025-01-30,Sherwood,37,Crest Ridge,62
2025-01-30,Mansfield,53,Crocker,50
2025-01-30,Lockwood,62,Dadeville,43
2025-01-30,Puxico,61,Dexter,46
2025-01-30,Hume,32,Drexel,50
2025-01-30,Savannah,48,East Buchanan,77
2025-01-30,Fatima,58,Eldon,37
2025-01-30,South Pemiscot,40,Elsberry,65
2025-01-30,Van Buren,57,Eminence,67
2025-01-30,Lindbergh,41,Eureka,55
2025-01-30,Bronaugh,46,Fair Play,43
2025-01-30,Marshall,66,Fayette,57
2025-01-30,Ft. Zumwalt West,43,Francis Howell,68
2025-01-30,Ft. Zumwalt South,55,Francis Howell Central,61
2025-01-30,Linn,32,Fulton,72
2025-01-30,Clever,50,Galena,39
2025-01-30,Thomas Jefferson Independent Day,70,Golden City,77
2025-01-30,Bourbon,47,Grandview (Hillsboro),60
2025-01-30,Harrisburg,58,Hallsville,68
2025-01-30,McCluer North,57,Hazelwood Central,50
2025-01-30,Vianney,79,Hazelwood West,43
2025-01-30,Warrenton,20,Hermann,44
2025-01-30,Winnetonka,61,Hillcrest,46
2025-01-30,Leeton,52,Holden,56
2025-01-30,Mid-Buchanan,76,Jefferson (Conception) with South Nodaway,58
2025-01-30,Ozark,56,Joplin,39
2025-01-30,St. Pius X (Kansas City),51,Kearney,60
2025-01-30,St. Vincent,74,Kelly,65
2025-01-30,Lexington,65,Knob Noster,46
2025-01-30,Gallatin,34,Lafayette County,54
2025-01-30,Helias Catholic,72,Lebanon,33
2025-01-30,Valley,65,Lesterville,58
2025-01-30,Norwood,66,Liberty (Mountain View),57
2025-01-30,Cardinal Ritter,51,Lift for Life Academy Charter,54
2025-01-30,Notre Dame (Cape Girardeau),35,Logan-Rogersville,76
2025-01-30,Midway,46,Lone Jack,47
2025-01-30,North Callaway,59,Louisiana,52
2025-01-30,El Dorado Springs,55,Marion C. Early,53
2025-01-30,Brashear,41,Marion County,70
2025-01-30,Oak Ridge,85,Marquand-Zion,64
2025-01-30,Park Hill,81,Marquette,56
2025-01-30,Jefferson (Festus),70,McKinley Classical Leadership,64
2025-01-30,North Shelby,77,Meadville,50
2025-01-30,Southern Boone,61,Moberly,64
2025-01-30,McAuley Catholic,59,New Covenant Academy,43
2025-01-30,Houston,67,Newburg,74
2025-01-30,Princeton,55,North Nodaway,40
2025-01-30,West Platte,50,North Platte,54
2025-01-30,Timberland,84,North Point,47
2025-01-30,Canton,61,Northeast (Cairo),48
2025-01-30,Kingsville,47,Northwest (Hughesville),44
2025-01-30,Ritenour,58,Oakville,63
2025-01-30,Clayton,56,Orchard Farm,48
2025-01-30,Eugene,77,Osage,56
2025-01-30,Warsaw,68,Osceola,46
2025-01-30,Dixon,51,Owensville,57
2025-01-30,Niangua,36,Richland,39
2025-01-30,East (Kansas City),49,Richmond,60
2025-01-30,Holcomb,34,Risco,83
2025-01-30,Atlanta,63,Senath-Hornersville,55
2025-01-30,Summersville,49,Seneca,67
2025-01-30,Cassville,65,Seneca,76
2025-01-30,Miami (Amoret),77,South Callaway,30
2025-01-30,Exeter,38,Spokane,67
2025-01-30,Wright City,50,St. Clair,53
2025-01-30,Montgomery County,54,St. James,22
2025-01-30,Washington,52,Union,37
2025-01-30,Republic,77,Warrensburg,36
2025-01-30,Higbee,61,Wellsville-Middletown,16
2025-01-30,Hartville,54,West Plains,31
2025-01-31,STEAM Academy,32,Affton,42
2025-01-31,Vienna,43,Albany,41
2025-01-31,Kingston,62,Arcadia Valley,56
2025-01-31,Novinger,42,Atlanta,83
2025-01-31,McDonald County,61,Aurora,85
2025-01-31,Northwest (Cedar Hill),54,Bayless,43
2025-01-31,Lee's Summit,57,Blue Springs,53
2025-01-31,Grain Valley,57,Blue Springs South,67
2025-01-31,Lebanon,50,Bolivar,54
2025-01-31,Versailles,45,Boonville,76
2025-01-31,Hurley,61,Bradleyville,52
2025-01-31,Lawson,59,Brookfield,44
2025-01-31,Fair Grove,65,Buffalo,54
2025-01-31,Salem,48,Bunker,56
2025-01-31,Van-Far,65,Calvary Lutheran,40
2025-01-31,Senath-Hornersville,57,Canton,73
2025-01-31,Clinton,58,Carl Junction,87
2025-01-31,Jamestown,37,Carrollton,48
2025-01-31,Pembroke Hill,51,Center,45
2025-01-31,Poplar Bluff,35,Central (Cape Girardeau),51
2025-01-31,North Kansas City,66,Central (St. Joseph),44
2025-01-31,Missouri Military Academy,42,Chamois,61
2025-01-31,South Callaway,41,Chilhowee,57
2025-01-31,Chaminade College Prep,85,Christian Brothers College,48
2025-01-31,Monroe City,53,Clark County,51
2025-01-31,Hollister,49,Clever,55
2025-01-31,Willard,45,Cole Camp,43
2025-01-31,Northeast Nodaway,47,DeKalb,22
2025-01-31,Northeast (Kansas City),56,DeLaSalle Charter (KC),41
2025-01-31,Bernie,56,Dexter,63
2025-01-31,Saxony Lutheran,47,Doniphan,71
2025-01-31,Lone Jack,45,Drexel,41
2025-01-31,Orchard Farm,65,Duchesne,38
2025-01-31,Fatima,58,Eldon,37
2025-01-31,McAuley Catholic,63,Exeter,36
2025-01-31,Humansville,60,Fair Play,30
2025-01-31,Parkview,68,Father Tolton,80
2025-01-31,Linn,35,Fayette,45
2025-01-31,DeSoto,37,Festus,58
2025-01-31,South Shelby,72,Fordland,62
2025-01-31,Waynesville,63,Fox,38
2025-01-31,North Point,46,Francis Howell North,55
2025-01-31,Ste. Genevieve,61,Fredericktown,73
2025-01-31,St. Charles West,55,Ft. Zumwalt East,42
2025-01-31,Parkway North,42,Ft. Zumwalt North,61
2025-01-31,Capital City,44,Ft. Zumwalt South,41
2025-01-31,Whitfield,60,Gateway,35
2025-01-31,Cooter,46,Gideon,70
2025-01-31,Pilot Grove,51,Glasgow,55
2025-01-31,Thomas Jefferson Independent Day,50,Gloria Deo Academy,62
2025-01-31,Milan,24,Green City,64
2025-01-31,Clearwater,57,Greenville,71
2025-01-31,Meadville,57,Grundy County with Newtown-Harris,37
2025-01-31,Webb City,55,Hancock,24
2025-01-31,Kirksville,43,Hannibal,31
2025-01-31,Orrick,40,Hardin-Central,37
2025-01-31,Battle,85,Hazelwood East,61
2025-01-31,Pacific,56,Herculaneum,30
2025-01-31,Dadeville,55,Hermitage,47
2025-01-31,South Shelby,72,Highland,44
2025-01-31,Notre Dame (Cape Girardeau),57,Hillcrest,60
2025-01-31,Concordia,54,Holden,40
2025-01-31,Bourbon,40,Houston,83
2025-01-31,Midway,56,Hume,50
2025-01-31,Laquey,59,Iberia,71
2025-01-31,Rolla,61,Jefferson City,63
2025-01-31,Grandview,45,Kearney,40
2025-01-31,Malden,51,Kennett,72
2025-01-31,St. James,36,King City,54
2025-01-31,Lutheran St. Charles,58,Kirkwood,57
2025-01-31,Otterville,62,La Monte,44
2025-01-31,Brashear,49,La Plata,41
2025-01-31,Jackson,70,Ladue Horton Watkins,64
2025-01-31,Lindbergh,66,Lafayette (Wildwood),56
2025-01-31,Walnut Grove,69,Lakeland,59
2025-01-31,Penney,40,Lathrop,38
2025-01-31,Raymore-Peculiar,49,Lee's Summit North,38
2025-01-31,Lutheran (Kansas City),62,Leeton,64
2025-01-31,Oran,57,Leopold,62
2025-01-31,Meadow Heights,56,Lesterville,60
2025-01-31,Jasper,32,Liberal,50
2025-01-31,Ewing Marion Kauffman,46,Lincoln College Prep,50
2025-01-31,Macon County with Bucklin,62,Linn County,60
2025-01-31,Winnetonka,55,Logan-Rogersville,58
2025-01-31,St. Francis Borgia,75,Lutheran South,49
2025-01-31,Norborne,37,Madison,46
2025-01-31,Brentwood,61,Maplewood-Richmond Hts.,64
2025-01-31,Mark Twain,37,Marion County,72
2025-01-31,Central (Springfield),66,Marquette,71
2025-01-31,Stewartsville with Osborn,44,Maysville,67
2025-01-31,Pattonville,90,Mehlville,88
2025-01-31,Bishop DuBourg,64,Metro,46
2025-01-31,Diamond,53,Miller,44
2025-01-31,St. Pius X (Festus),42,Miller Career Academy,86
2025-01-31,East Newton,46,Monett,44
2025-01-31,St. Joseph Christian,60,Mound City,47
2025-01-31,Clarkton,37,Naylor,41
2025-01-31,Kickapoo,79,Neosho,34
2025-01-31,Lamar,57,Nevada,70
2025-01-31,Plato,41,New Covenant Academy,40
2025-01-31,Wheaton,28,New Heights Christian,81
2025-01-31,Troy Buchanan,49,Normandy Collaborative,61
2025-01-31,Polo,59,North Andrew,53
2025-01-31,Central (Park Hills),60,North County,50
2025-01-31,Weaubleau,38,Northeast Vernon County,53
2025-01-31,Scott County Central,60,Oak Ridge,55
2025-01-31,Macon,45,Palmyra,64
2025-01-31,Nixa,70,Park Hill,74
2025-01-31,Oak Park,76,Park Hill South,57
2025-01-31,Parkway West,42,Parkway Central,31
2025-01-31,Tri-County,48,Pattonsburg,42
2025-01-31,Ash Grove,43,Pierce City,58
2025-01-31,Fort Osage,58,Platte County,62
2025-01-31,KIPP KC Legacy,80,Plattsburg,49
2025-01-31,Marion C. Early,53,Pleasant Hope,49
2025-01-31,Farmington,78,Potosi,42
2025-01-31,St. Dominic,66,Priory,50
2025-01-31,Woodland,42,Puxico,76
2025-01-31,Belton,53,Raytown,67
2025-01-31,Thayer,44,Republic,56
2025-01-31,Conway,64,Richland,43
2025-01-31,Sweet Springs,22,Scott County Central,32
2025-01-31,Wellsville-Middletown,49,Sarcoxie,36
2025-01-31,Knox County,32,Schuyler County,73
2025-01-31,Westran,57,Smithville,84
2025-01-31,Lift for Life Academy Charter,45,Sikeston,85
2025-01-31,Brunswick,67,Salem,48
2025-01-31,Liberty (Wentzville),40,SLUH,56
2025-01-31,Neelyville,61,Stanberry,56
2025-01-31,California,50,Southern Boone,43
2025-01-31,Reeds Spring,48,Springfield Catholic,57
2025-01-31,Holt,51,St. Charles,48
2025-01-31,Rock Bridge,61,Webster Groves,77
2025-01-31,Oak Grove,53,St. Paul Lutheran (Concordia),47
2025-01-31,Kelly,92,St. Paul Lutheran (Farmington),32
2025-01-31,Lee's Summit West,25,Staley,42
2025-01-31,Forsyth,61,Winona,56
2025-01-31,Sparta,63,St. Charles,64
2025-01-31,Macks Creek,51,Tuscumbia,67
2025-01-31,East Carter,48,St. Clair,62
2025-01-31,Valley,60,Valle Catholic,52
2025-01-31,Windsor (Imperial),73,Valley Park,59
2025-01-31,Spokane,55,Verona,40
2025-01-31,Prairie Home,64,Vienna,42
2025-01-31,Branson,70,Warrensburg,33
2025-01-31,Glendale,63,Webb City,78
2025-01-31,Hazelwood Central,40,Webster Groves,67
2025-01-31,Bismarck,41,West County,63
2025-01-31,Worth County,30,West Nodaway with Nodaway-Holt,49
2025-01-31,John Burroughs,61,Westminster Christian Academy,46
2025-01-31,Versailles,53,William Chrisman,45
2025-01-31,Marquand-Zion,83,Zalma,28
2025-02-01,Archie,33,Adrian,63
2025-02-01,Couch,63,Alton,70
2025-02-01,Billings,32,Ava,53
2025-02-01,Eminence,50,Bakersfield,61
2025-02-01,Wellsville-Middletown,54,Bevier,21
2025-02-01,Hallsville,68,Blair Oaks,66
2025-02-01,Crocker,52,Blue Eye,34
2025-02-01,Branson,70,Bolivar,64
2025-02-01,Fatima,43,Boonville,45
2025-02-01,Winfield,43,Bowling Green,50
2025-02-01,Osage,80,Camdenton,62
2025-02-01,Wellington-Napoleon,43,Cameron,37
2025-02-01,Benton,55,Carl Junction,40
2025-02-01,Malden,46,Caruthersville,70
2025-02-01,Jefferson City,34,Central (Cape Girardeau),44
2025-02-01,Harrisburg,78,Centralia,72
2025-02-01,Scott County Central,45,Chaffee,64
2025-02-01,Osceola,56,Climax Springs,47
2025-02-01,Van-Far,49,Clopton,57
2025-02-01,Lexington,56,Crest Ridge,42
2025-02-01,Warsaw,41,Cuba,44
2025-02-01,Oran,87,Delta,73
2025-02-01,Lafayette County,49,East Buchanan,69
2025-02-01,Kelly,78,East Prairie,103
2025-02-01,Versailles,51,Eldon,54
2025-02-01,North Callaway,63,Elsberry,66
2025-02-01,Marshall,64,Fulton,67
2025-02-01,Union,48,Gainesville,42
2025-02-01,Northwest (Hughesville),40,Green Ridge,29
2025-02-01,Rich Hill,47,Harrisonville,71
2025-02-01,Norwood,54,Hartville,63
2025-02-01,Portageville,35,Hayti,79
2025-02-01,Montgomery County,40,Hermann,35
2025-02-01,Northwestern (Mendon),39,Higbee,75
2025-02-01,Marquette,54,Hillcrest,68
2025-02-01,West Platte,67,Jefferson (Conception) with South Nodaway,62
2025-02-01,Sherwood,54,Knob Noster,46
2025-02-01,Father Tolton,50,Lee's Summit,62
2025-02-01,Willard,27,Lincoln,52
2025-02-01,Park Hill,55,Logan-Rogersville,72
2025-02-01,Lift for Life Academy Charter,57,Lutheran South,71
2025-02-01,Willow Springs,53,Mansfield,55
2025-02-01,Liberty (Mountain View),56,Marshfield,41
2025-02-01,North Platte,60,Mid-Buchanan,70
2025-02-01,Wright City,51,New Haven,34
2025-02-01,Saxony Lutheran,49,Newburg,52
2025-02-01,North Nodaway,31,North Harrison,33
2025-02-01,Seneca,93,Oak Ridge,37
2025-02-01,East (Kansas City),51,Odessa,61
2025-02-01,Sacred Heart,63,Otterville,45
2025-02-01,St. Vincent,64,Perryville,71
2025-02-01,Helias Catholic,66,Republic,65
2025-02-01,Bishop LeBlond,61,Richmond,40
2025-02-01,Washington,58,Rockwood Summit,50
2025-02-01,Gallatin,60,Savannah,46
2025-02-01,Summersville,72,Senath-Hornersville,55
2025-02-01,St. Francis Borgia,67,Sikeston,60
2025-02-01,Eugene,74,Savannah,45
2025-02-01,Windsor,71,Smithton,67
2025-02-01,Schuyler County,44,Slater,52
2025-02-01,Belle,45,St. Clair,40
2025-02-01,Warrenton,50,St. James,61
2025-02-01,Winona,55,Van Buren,47
2025-02-01,Lebanon,71,Warrensburg,58
2025-02-01,Wheatland,62,Warsaw,51
2025-02-01,Fair Grove,78,Webb City,48
2025-02-01,Mountain Grove,48,West Plains,77
2025-02-01,New Franklin,45,Westran,48
2025-02-01,Nixa,76,Winnetonka,58
2025-02-03,Schuyler County,58,Atlanta,71
2025-02-03,Spokane,38,Billings,69
2025-02-03,Lee's Summit,53,Blue Springs South,60
2025-02-03,Adrian,58,Butler,23
2025-02-03,Northeast Vernon County,55,Chilhowee,46
2025-02-03,Sweet Springs,51,Clarkton,54
2025-02-03,Green Ridge,56,Cole Camp,50
2025-02-03,Niangua,44,Conway,83
2025-02-03,Naylor,59,Delta (Deering),46
2025-02-03,Crocker,41,Dixon,68
2025-02-03,Kelly,78,East Prairie,103
2025-02-03,Versailles,43,Eldon,33
2025-02-03,Everton,43,Fair Play,71
2025-02-03,Riverview Gardens,49,Ft. Zumwalt South,55
2025-02-03,School of the Ozarks,42,Galena,54
2025-02-03,Brentwood,58,Gateway,59
2025-02-03,Holcomb,38,Gideon,59
2025-02-03,La Plata,19,Green City,86
2025-02-03,East Carter,29,Greenville,39
2025-02-03,Pattonville,78,Hazelwood West,47
2025-02-03,West County,59,Herculaneum,69
2025-02-03,Chadwick,69,Hurley,30
2025-02-03,Hermitage,52,Kingsville,45
2025-02-03,Marion County,51,Knox County,39
2025-02-03,Smithton,63,La Monte,37
2025-02-03,Drexel,50,Lakeland,52
2025-02-03,Blue Springs,49,Lee's Summit West,70
2025-02-03,Zalma,22,Leopold,67
2025-02-03,Knob Noster,30,Lexington,69
2025-02-03,St. James,66,Licking,74
2025-02-03,Prairie Home,57,Madison,27
2025-02-03,Meadow Heights,73,Marquand-Zion,43
2025-02-03,Soldan International Studies,74,McKinley Classical Leadership,63
2025-02-03,Hume,47,Miami (Amoret),63
2025-02-03,Faith Christian Academy,51,Mid-Buchanan,87
2025-02-03,Liberal,38,Midway,40
2025-02-03,Belle,63,New Bloomfield,53
2025-02-03,Highland,41,North Callaway,64
2025-02-03,Bell City,56,North Pemiscot,12
2025-02-03,Parkway Central,50,Northwest (Cedar Hill),44
2025-02-03,Versailles,69,Oak Grove,31
2025-02-03,Archie,33,Osceola,69
2025-02-03,Vienna,38,Owensville,68
2025-02-03,Cuba,62,Pacific,42
2025-02-03,Maysville,54,Penney,55
2025-02-03,Lutheran (Kansas City),50,Plattsburg,62
2025-02-03,Richland (Essex),55,Puxico,61
2025-02-03,Webb City,48,Salem,67
2025-02-03,Fayette,30,Schuyler County,67
2025-02-03,Miller,35,South Shelby,38
2025-02-03,Calvary Lutheran,52,Slater,72
2025-02-03,West Platte,63,St. James,48
2025-02-03,Northeast (Kansas City),23,Southeast,51
2025-02-03,Crystal City,67,St. Paul Lutheran (Farmington),56
2025-02-03,Osage,81,Westran,62
2025-02-03,Lathrop,57,Trenton,61
2025-02-03,St. Dominic,50,University City,53
2025-02-03,Wright City,40,Van Buren,82
2025-02-03,SLUH,56,Vianney,78
2025-02-03,Koshkonong,32,Winona,65
2025-02-03,Mark Twain,37,Wright City,61
2025-02-04,Warsaw,36,Adrian,69
2025-02-04,Woodland,73,Advance,30
2025-02-04,Herculaneum,55,Affton,67
2025-02-04,North Harrison,50,Albany,52
2025-02-04,Drexel,56,Archie,55
2025-02-04,Cabool,18,Ava,51
2025-02-04,Dora,41,Bakersfield,78
2025-02-04,Rolla,73,Battle,65
2025-02-04,Bourbon,41,Belle,65
2025-02-04,St. Charles,58,Belton,54
2025-02-04,Cameron,29,Benton,70
2025-02-04,St. Clair,42,Bernie,65
2025-02-04,Valle Catholic,60,Bismarck,48
2025-02-04,Bell City,64,Bloomfield,44
2025-02-04,New Franklin,26,Boonville,60
2025-02-04,South Pemiscot,29,Bowling Green,72
2025-02-04,Thayer,70,Breckenridge,55
2025-02-04,Bayless,52,Brentwood,50
2025-02-04,Higbee,27,Brunswick,64
2025-02-04,Fulton,45,California,51
2025-02-04,Summersville,58,Campbell,65
2025-02-04,Branson,87,Carl Junction,77
2025-02-04,Hayti,67,Caruthersville,75
2025-02-04,Monett,62,Cassville,53
2025-02-04,Poplar Bluff,51,Central (New Madrid County),50
2025-02-04,Willard,50,Central (Springfield),71
2025-02-04,Southeast,29,Central (St. Joseph),54
2025-02-04,Macon,30,Centralia,61
2025-02-04,John Burroughs,42,Chaminade College Prep,54
2025-02-04,New Haven,36,Chamois,48
2025-02-04,Central (Cape Girardeau),49,Christian Brothers College,74
2025-02-04,El Dorado Springs,51,Clinton,55
2025-02-04,Louisiana,44,Clopton,75
2025-02-04,Missouri Military Academy,76,Columbia Independent,53
2025-02-04,Mound City,73,DeKalb,26
2025-02-04,Oak Ridge,49,Delta,80
2025-02-04,Clarkton,53,Delta (Deering),55
2025-02-04,Windsor (Imperial),73,DeSoto,60
2025-02-04,Priory,54,Duchesne,40
2025-02-04,Puxico,65,East Carter,41
2025-02-04,Chaffee,45,East Prairie,70
2025-02-04,Fatima,47,Eldon,27
2025-02-04,Couch,49,Eminence,70
2025-02-04,Slater,40,Eugene,71
2025-02-04,Rockwood Summit,34,Eureka,52
2025-02-04,Sparta,64,Excelsior Springs,49
2025-02-04,Greenwood,68,Exeter,31
2025-02-04,Winona,57,Fair Grove,55
2025-02-04,Hermitage,63,Fair Play,31
2025-02-04,Fredericktown,48,Farmington,71
2025-02-04,Hickman,71,Father Tolton,59
2025-02-04,Sarcoxie,58,Fayette,55
2025-02-04,St. Francis Borgia,73,Festus,56
2025-02-04,Springfield Catholic,47,Forsyth,74
2025-02-04,Francis Howell Central,76,Francis Howell North,64
2025-02-04,Washington,67,Ft. Zumwalt East,63
2025-02-04,Liberty (Wentzville),63,Ft. Zumwalt West,45
2025-02-04,Blair Oaks,42,Glasgow,40
2025-02-04,Republic,68,Glendale,56
2025-02-04,McAuley Catholic,65,Golden City,47
2025-02-04,Raytown,68,Grain Valley,76
2025-02-04,Jefferson (Festus),81,Grandview (Hillsboro),42
2025-02-04,Everton,44,Greenfield,78
2025-02-04,Stanberry,48,Greenville,42
2025-02-04,Wheatland,38,Halfway,69
2025-02-04,Moberly,66,Hannibal,42
2025-02-04,De Smet Jesuit,74,Hazelwood Central,35
2025-02-04,Parkway North,47,Hazelwood East,56
2025-02-04,Parkway South,56,Hazelwood West,33
2025-02-04,Camdenton,45,Helias Catholic,74
2025-02-04,Fox,27,Hillsboro,63
2025-02-04,Carrollton,50,Holden,42
2025-02-04,Buffalo,64,Hollister,52
2025-02-04,Weaubleau,51,Humansville,41
2025-02-04,Verona,44,Hurley,73
2025-02-04,Charleston,67,Jackson,75
2025-02-04,Tuscumbia,69,Jamestown,70
2025-02-04,Scott County Central,57,Kelly,79
2025-02-04,Braymer,94,Keytesville,28
2025-02-04,Webb City,37,Kickapoo,80
2025-02-04,North Andrew,61,King City,66
2025-02-04,West County,79,Kingston,63
2025-02-04,St. Paul Lutheran (Concordia),50,Kingsville,41
2025-02-04,Brashear,63,Knox County,55
2025-02-04,Kirkwood,62,Ladue Horton Watkins,69
2025-02-04,Marquette,61,Lafayette (Wildwood),42
2025-02-04,Aurora,88,Lamar,74
2025-02-04,Parkview,90,Lebanon,67
2025-02-04,Staley,68,Lee's Summit,59
2025-02-04,Blue Springs,79,Lee's Summit North,76
2025-02-04,Marquand-Zion,43,Leopold,80
2025-02-04,Van Buren,74,Lesterville,48
2025-02-04,Appleton City,56,Liberal,50
2025-02-04,Willow Springs,59,Liberty (Mountain View),54
2025-02-04,Lee's Summit West,58,Liberty North,60
2025-02-04,Windsor,46,Lincoln,62
2025-02-04,New Bloomfield,32,Linn,38
2025-02-04,Scott County Central,34,Lone Jack,64
2025-02-04,Principia,71,Lutheran North,28
2025-02-04,Whitfield,49,Lutheran South,68
2025-02-04,Linn County,62,Macon County with Bucklin,50
2025-02-04,West Plains,61,Madison,63
2025-02-04,Trenton,61,Marceline,44
2025-02-04,Gloria Deo Academy,51,Marion C. Early,46
2025-02-04,Pierce City,49,Marionville,33
2025-02-04,Oak Grove,48,Marshall,61
2025-02-04,Bolivar,71,Marshfield,42
2025-02-04,Kearney,65,Maryville,35
2025-02-04,Kairos Charter,42,McKinley Classical Leadership,59
2025-02-04,Zalma,40,Meadow Heights,76
2025-02-04,Lindbergh,78,Mehlville,63
2025-02-04,Capital City,49,MICDS,56
2025-02-04,Lakeland,50,Midway,56
2025-02-04,Gallatin,42,Milan,20
2025-02-04,Ash Grove,30,Miller,70
2025-02-04,Waynesville,97,Miller Career Academy,49
2025-02-04,Thayer,68,Mountain Grove,71
2025-02-04,McDonald County,31,Mt. Vernon,65
2025-02-04,Doniphan,58,Neelyville,49
2025-02-04,Seneca,41,Nevada,57
2025-02-04,School of the Ozarks,66,New Covenant Academy,73
2025-02-04,St. James,75,Newburg,57
2025-02-04,Joplin,54,Nixa,77
2025-02-04,Ste. Genevieve,66,North County,63
2025-02-04,Grandview,65,North Kansas City,72
2025-02-04,Tarkio with Fairfax,56,North Nodaway,30
2025-02-04,Community,23,Northeast (Cairo),66
2025-02-04,Central (Kansas City),57,Northeast (Kansas City),31
2025-02-04,Union Star,44,Northeast Nodaway,36
2025-02-04,Sacred Heart,52,Northwest (Hughesville),46
2025-02-04,Norborne,24,Northwestern (Mendon),47
2025-02-04,Fordland,27,Norwood,89
2025-02-04,Malden,43,Notre Dame (Cape Girardeau),78
2025-02-04,Northwest (Cedar Hill),40,Oakville,66
2025-02-04,Seneca,84,Oran,33
2025-02-04,Crest Ridge,58,Orrick,40
2025-02-04,Neosho,53,Ozark,77
2025-02-04,Liberty,64,Park Hill,78
2025-02-04,Seckman,65,Parkway Central,58
2025-02-04,Oak Park,58,Pembroke Hill,52
2025-02-04,Fort Osage,64,Platte County,52
2025-02-04,Center,81,Pleasant Hill,27
2025-02-04,Crane,57,Pleasant Hope,56
2025-02-04,Brookfield,66,Polo,57
2025-02-04,Central (Park Hills),36,Potosi,76
2025-02-04,North Callaway,68,Prairie Home,82
2025-02-04,Tuscumbia,49,Purdy,53
2025-02-04,Canton,69,Putnam County,56
2025-02-04,Blue Springs South,74,Raymore-Peculiar,37
2025-02-04,Park Hill South,66,Raytown South,44
2025-02-04,Clever,49,Reeds Spring,47
2025-02-04,Climax Springs,73,Richland,35
2025-02-04,Lafayette County,45,Richmond,53
2025-02-04,North Pemiscot,14,Risco,84
2025-02-04,Jefferson City,51,Rock Bridge,49
2025-02-04,Jefferson (Conception) with South Nodaway,59,Rock Port,74
2025-02-04,Soldan International Studies,63,Roosevelt,43
2025-02-04,William Chrisman,62,Ruskin,69
2025-02-04,Houston,51,Salem,70
2025-02-04,Gainesville,42,Smithville,61
2025-02-04,Butler,27,Sherwood,44
2025-02-04,Dexter,42,Sikeston,73
2025-02-04,Lawson,54,St. Elizabeth,38
2025-02-04,Monroe City,57,South Shelby,55
2025-02-04,Orchard Farm,70,St. Charles West,57
2025-02-04,Cuba,43,St. Clair,34
2025-02-04,Macks Creek,59,Van-Far,92
2025-02-04,North Platte,77,St. Joseph Christian,55
2025-02-04,Chillicothe,41,St. Pius X (Kansas City),60
2025-02-04,Saxony Lutheran,33,St. Vincent,51
2025-02-04,Princeton,56,Vienna,36
2025-02-04,Union,57,Warsaw,78
2025-02-04,St. James,51,Stewartsville with Osborn,52
2025-02-04,Lockwood,45,Wellsville-Middletown,54
2025-02-04,Hermann,57,Webb City,25
2025-02-04,University Academy Charter,32,Summit Christian Academy,73
2025-02-04,New Heights Christian,65,Thomas Jefferson Independent Day,46
2025-02-04,Ft. Zumwalt North,50,Timberland,73
2025-02-04,Harrisburg,70,Tipton,64
2025-02-04,Francis Howell,77,Troy Buchanan,46
2025-02-04,McCluer,29,University City,61
2025-02-04,Arcadia Valley,39,Valley,47
2025-02-04,Maplewood-Richmond Hts.,68,Valley Park,59
2025-02-04,Montgomery County,70,Van-Far,44
2025-02-04,Osage,81,Versailles,60
2025-02-04,Calvary Lutheran,44,Vienna,69
2025-02-04,Dadeville,60,Walnut Grove,45
2025-02-04,Harrisonville,61,Warrensburg,56
2025-02-04,Mexico,62,Warrenton,38
2025-02-04,Carthage,54,Waynesville,46
2025-02-04,Concordia,41,Wellington-Napoleon,42
2025-02-04,Elsberry,69,Wellsville-Middletown,39
2025-02-04,Logan-Rogersville,60,West Plains,25
2025-02-04,Savannah,46,West Platte,48
2025-02-04,Blue Eye,65,Wheaton,27
2025-02-04,St. Charles,59,Winfield,36
2025-02-04,St. Michael the Archangel,65,Winnetonka,72
2025-02-04,Pattonsburg,43,Worth County,39
2025-02-05,Marion C. Early,51,Ash Grove,61
2025-02-05,Warsaw,84,Bunker,87
2025-02-05,Hallsville,75,California,53
2025-02-05,Drexel,53,Chilhowee,40
2025-02-05,St. Vincent,65,Crystal City,52
2025-02-05,Veritas Christian Academy,53,Elsberry,75
2025-02-05,Union,63,Fordland,34
2025-02-05,Mexico,68,Fulton,41
2025-02-05,Greenfield,68,Hume,46
2025-02-05,Perryville,55,Jefferson (Festus),49
2025-02-05,Gateway,68,KIPP St. Louis Sr.,64
2025-02-05,Riverview Gardens,50,Kirksville,33
2025-02-05,Maryville,46,Lafayette (St. Joseph),65
2025-02-05,Archie,69,Lone Jack,63
2025-02-05,Westminster Christian Academy,60,Lutheran North,36
2025-02-05,Bayless,79,McKinley Classical Leadership,61
2025-02-05,Whitfield,85,Metro,28
2025-02-05,Kairos Charter,46,Metro,33
2025-02-05,Gateway Science Charter,13,Normandy Collaborative,57
2025-02-05,Excelsior Springs,25,North Platte,74
2025-02-05,Woodland,70,Notre Dame (Cape Girardeau),66
2025-02-05,Dixon,50,Pacific,47
2025-02-05,Kirkwood,64,Parkway West,57
2025-02-05,Knob Noster,59,Pilot Grove,68
2025-02-05,Paseo Academy,60,Pleasant Hill,61
2025-02-05,Lift for Life Academy Charter,65,Priory,66
2025-02-05,Lockwood,51,Rich Hill,67
2025-02-05,Francis Howell North,44,Seckman,69
2025-02-05,Humansville,44,South Callaway,36
2025-02-05,Hickman,67,Southern Boone,64
2025-02-05,Brentwood,52,STEAM Academy,33
2025-02-05,Winona,66,Wellsville-Middletown,35
2025-02-05,Odessa,40,Versailles,71
2025-02-06,Winona,57,Alton,53
2025-02-06,Green City,50,Atlanta,39
2025-02-06,KIPP KC Legacy,67,Barstow,47
2025-02-06,Centralia,61,Bowling Green,67
2025-02-06,Bevier,59,Breckenridge,31
2025-02-06,Brunswick,45,Brookfield,38
2025-02-06,Dora,59,Cabool,33
2025-02-06,Campbell,58,Caruthersville,68
2025-02-06,Fox,33,Clayton,69
2025-02-06,Conway,68,Climax Springs,61
2025-02-06,Lafayette County,54,Clinton,56
2025-02-06,Sherwood,46,Crest Ridge,61
2025-02-06,Pleasant Hope,66,Dadeville,62
2025-02-06,Jefferson City,54,Eugene,72
2025-02-06,Thomas Jefferson Independent Day,72,Exeter,28
2025-02-06,Van-Far,56,Fatima,70
2025-02-06,Kirksville,48,Ft. Zumwalt South,47
2025-02-06,Cassville,54,Galena,69
2025-02-06,Bishop DuBourg,37,Gateway,77
2025-02-06,Sarcoxie,67,Golden City,70
2025-02-06,Otterville,47,Green Ridge,44
2025-02-06,Cooter,56,Greenville,65
2025-02-06,New Heights Christian,45,Greenwood,67
2025-02-06,Jennings,58,Hazelwood East,84
2025-02-06,Lutheran St. Charles,69,Hazelwood West,58
2025-02-06,Advance,78,Holcomb,30
2025-02-06,Warsaw,34,Holden,51
2025-02-06,Oakville,71,Ladue Horton Watkins,67
2025-02-06,Maryville,46,Lafayette (St. Joseph),65
2025-02-06,Ritenour,43,Lafayette (Wildwood),39
2025-02-06,Northeast Vernon County,45,Lakeland,57
2025-02-06,Meadow Heights,50,Leopold,54
2025-02-06,East (Kansas City),43,Lincoln College Prep,65
2025-02-06,Bourbon,45,Linn,58
2025-02-06,Thayer,42,Linn County,77
2025-02-06,Gloria Deo Academy,53,Macks Creek,43
2025-02-06,Northwestern (Mendon),49,Macon County with Bucklin,46
2025-02-06,Winfield,70,Mark Twain,32
2025-02-06,Zalma,44,Marquand-Zion,70
2025-02-06,Eureka,55,McCluer,38
2025-02-06,University City,52,McCluer North,54
2025-02-06,Cardinal Ritter,49,MICDS,58
2025-02-06,St. Elizabeth,45,Mid-Buchanan,77
2025-02-06,Lift for Life Academy Charter,64,Miller Career Academy,67
2025-02-06,Ellington,69,Naylor,53
2025-02-06,Niangua,45,New Covenant Academy,93
2025-02-06,Grandview (Hillsboro),56,New Haven,59
2025-02-06,Northland Christian,74,Norborne,26
2025-02-06,Gideon,75,North Pemiscot,40
2025-02-06,Father Tolton,68,Oak Park,76
2025-02-06,Seckman,45,Parkway North,46
2025-02-06,Parkway Central,60,Pattonville,71
2025-02-06,Arcadia Valley,46,Potosi,87
2025-02-06,Sarcoxie,72,Prairie Home,83
2025-02-06,South Callaway,60,Purdy,92
2025-02-06,Kearney,57,Raytown South,45
2025-02-06,Risco,71,Richland (Essex),61
2025-02-06,Hogan Prep Academy Charter,35,Richmond,86
2025-02-06,Glasgow,53,Schuyler County,43
2025-02-06,Orrick,49,Scott County Central,43
2025-02-06,Gallatin,56,Savannah,50
2025-02-06,La Plata,42,Schuyler County,57
2025-02-06,Westran,60,South Shelby,46
2025-02-06,Willard,61,Smithton,57
2025-02-06,Winnetonka,64,Sparta,50
2025-02-06,Kingston,53,Stanberry,55
2025-02-06,Delta (Deering),61,Sweet Springs,67
2025-02-06,Warrenton,43,St. Charles West,49
2025-02-06,Lexington,66,St. Paul Lutheran (Concordia),57
2025-02-06,Clearwater,75,St. Paul Lutheran (Farmington),34
2025-02-06,Jefferson (Conception) with South Nodaway,71,Stewartsville with Osborn,66
2025-02-06,Wellsville-Middletown,22,Worth County,63
2025-02-06,Houston,54,Wright City,62
2025-02-06,McKinley Classical Leadership,70,West Plains,98
2025-02-06,Central (Park Hills),39,Valle Catholic,52
2025-02-06,Brentwood,63,Valley Park,67
2025-02-06,Neelyville,59,Van Buren,76
2025-02-06,Halfway,74,Walnut Grove,53
2025-02-06,Hardin-Central,30,Wellington-Napoleon,53
2025-02-06,Marceline,35,Westran,72
2025-02-07,Princeton,44,Albany,37
2025-02-07,Appleton City,55,Archie,53
2025-02-07,Couch,49,Bakersfield,73
2025-02-07,Holcomb,16,Bernie,77
2025-02-07,Soldan International Studies,57,Bishop DuBourg,46
2025-02-07,Savannah,41,Bishop LeBlond,59
2025-02-07,Boonville,56,Blair Oaks,69
2025-02-07,Puxico,82,Bloomfield,40
2025-02-07,Purdy,45,Blue Eye,57
2025-02-07,Liberty North,57,Blue Springs,56
2025-02-07,Lee's Summit North,75,Blue Springs South,72
2025-02-07,Hillcrest,53,Bolivar,63
2025-02-07,Warsaw,75,Bourbon,34
2025-02-07,Marshfield,54,Branson,73
2025-02-07,Madison,28,Brashear,56
2025-02-07,Chilhowee,39,Bronaugh,65
2025-02-07,Lafayette (St. Joseph),64,Cameron,46
2025-02-07,Lexington,85,Carrollton,64
2025-02-07,Lebanon,54,Central (Springfield),91
2025-02-07,Excelsior Springs,15,Central (St. Joseph),64
2025-02-07,Highland,31,Centralia,66
2025-02-07,Hartville,61,Chadwick,47
2025-02-07,Oran,62,Chaffee,68
2025-02-07,Vianney,66,Chaminade College Prep,84
2025-02-07,Benton,63,Chillicothe,34
2025-02-07,De Smet Jesuit,84,Christian Brothers College,67
2025-02-07,Buffalo,38,Clever,40
2025-02-07,Pilot Grove,74,Community,53
2025-02-07,Billings,52,Crane,65
2025-02-07,Humansville,41,Dadeville,54
2025-02-07,St. Vincent,89,Delta (Deering),53
2025-02-07,Advance,48,Dexter,63
2025-02-07,Marionville,43,Diamond,35
2025-02-07,Licking,40,Dixon,64
2025-02-07,West Plains,43,Duchesne,42
2025-02-07,Northeast (Kansas City),33,East (Kansas City),72
2025-02-07,Penney,49,East Buchanan,72
2025-02-07,Mt. Vernon,42,East Newton,37
2025-02-07,Seneca,65,East Prairie,53
2025-02-07,Conway,54,El Dorado Springs,71
2025-02-07,Hallsville,74,Eldon,47
2025-02-07,Bismarck,60,Ellington,64
2025-02-07,North Callaway,62,Elsberry,71
2025-02-07,Bradleyville,74,Everton,65
2025-02-07,KIPP KC Legacy,61,Ewing Marion Kauffman,54
2025-02-07,Sarcoxie,64,Exeter,28
2025-02-07,Kingsville,58,Faith Christian Academy,63
2025-02-07,Battle,77,Father Tolton,81
2025-02-07,Eugene,76,Fayette,40
2025-02-07,Koshkonong,51,Fordland,76
2025-02-07,Francis Howell North,62,Francis Howell,76
2025-02-07,Liberty (Wentzville),49,Francis Howell Central,44
2025-02-07,Timberland,85,Ft. Zumwalt East,52
2025-02-07,Troy Buchanan,65,Ft. Zumwalt West,63
2025-02-07,Marshall,42,Fulton,55
2025-02-07,Kairos Charter,37,Gateway Science Charter,60
2025-02-07,Thomas Jefferson Independent Day,74,Golden City,61
2025-02-07,Fort Osage,49,Grain Valley,52
2025-02-07,Smithton,57,Green Ridge,38
2025-02-07,Valley Park,61,Hancock,26
2025-02-07,Linn,27,Harrisburg,71
2025-02-07,Oak Grove,62,Harrisonville,68
2025-02-07,Kirkwood,57,Hazelwood Central,51
2025-02-07,Grandview (Hillsboro),60,Herculaneum,51
2025-02-07,Owensville,24,Hermann,59
2025-02-07,Climax Springs,39,Hermitage,60
2025-02-07,Festus,40,Hillsboro,59
2025-02-07,St. Charles West,53,Holt,62
2025-02-07,Mountain Grove,75,Houston,54
2025-02-07,Crocker,64,Iberia,70
2025-02-07,Webster Groves,69,Jackson,68
2025-02-07,Osceola,67,Jasper,39
2025-02-07,DeKalb,18,Jefferson (Conception) with South Nodaway,67
2025-02-07,Crystal City,66,Jefferson (Festus),72
2025-02-07,Lutheran South,36,John Burroughs,84
2025-02-07,Neosho,66,Joplin,69
2025-02-07,Delta,71,Kelly,73
2025-02-07,Woodland,68,Kennett,72
2025-02-07,Ozark,43,Kickapoo,60
2025-02-07,Pattonsburg,46,King City,65
2025-02-07,Riverview Gardens,50,Kirksville,33
2025-02-07,Knob Noster,22,Lafayette County,82
2025-02-07,Mid-Buchanan,79,Lathrop,42
2025-02-07,Lee's Summit,56,Lee's Summit West,52
2025-02-07,Butler,46,Leeton,53
2025-02-07,Drexel,48,Liberal,45
2025-02-07,Grandview,65,Liberty,49
2025-02-07,Ava,57,Liberty (Mountain View),63
2025-02-07,Ritenour,43,Lindbergh,58
2025-02-07,Bevier,39,Linn County,47
2025-02-07,Miller,68,Lockwood,64
2025-02-07,Carl Junction,42,Logan-Rogersville,67
2025-02-07,Orrick,45,Lone Jack,54
2025-02-07,Wheatland,56,Macks Creek,25
2025-02-07,Clark County,60,Macon,63
2025-02-07,Sweet Springs,55,Malden,74
2025-02-07,Union,56,Mansfield,54
2025-02-07,Van-Far,91,Mark Twain,36
2025-02-07,Rockwood Summit,41,Marquette,63
2025-02-07,St. Pius X (Kansas City),55,Maryville,41
2025-02-07,Marceline,29,Maysville,71
2025-02-07,Lamar,74,McDonald County,52
2025-02-07,St. Paul Lutheran (Farmington),43,McKinley Classical Leadership,71
2025-02-07,Tri-County,62,Mercer,43
2025-02-07,Moberly,57,Mexico,75
2025-02-07,Calvary Lutheran,47,Missouri Military Academy,70
2025-02-07,Nevada,58,Monett,60
2025-02-07,Bowling Green,59,Monroe City,56
2025-02-07,North Nodaway,45,Mound City,51
2025-02-07,Verona,44,New Covenant Academy,76
2025-02-07,Union,72,New Haven,33
2025-02-07,North Harrison,38,North Andrew,58
2025-02-07,Windsor (Imperial),94,North County,63
2025-02-07,Plattsburg,43,North Platte,67
2025-02-07,Washington,65,North Point,40
2025-02-07,New Franklin,38,Northeast (Cairo),46
2025-02-07,Miami (Amoret),52,Northeast Vernon County,51
2025-02-07,Affton,54,Northwest (Cedar Hill),60
2025-02-07,Gainesville,38,Norwood,75
2025-02-07,Saxony Lutheran,41,Notre Dame (Cape Girardeau),64
2025-02-07,Meadville,64,Novinger,49
2025-02-07,Pleasant Hill,65,Odessa,69
2025-02-07,Cuba,42,Osage,58
2025-02-07,Willard,32,Otterville,42
2025-02-07,Oak Park,67,Park Hill,54
2025-02-07,Carthage,60,Parkview,64
2025-02-07,Parkway North,51,Parkway South,73
2025-02-07,Mehlville,46,Parkway West,43
2025-02-07,DeLaSalle Charter (KC),36,Paseo Academy,57
2025-02-07,St. Michael the Archangel,65,Pembroke Hill,71
2025-02-07,DeSoto,54,Perryville,75
2025-02-07,Wellsville-Middletown,52,Pierce City,41
2025-02-07,Braymer,64,Polo,78
2025-02-07,Sikeston,88,Poplar Bluff,52
2025-02-07,Lutheran North,41,Priory,36
2025-02-07,Senath-Hornersville,56,Putnam County,65
2025-02-07,Forsyth,66,Reeds Spring,51
2025-02-07,Webb City,46,Republic,80
2025-02-07,Midway,22,Rich Hill,51
2025-02-07,Plato,67,Richland,30
2025-02-07,Holden,44,Richmond,74
2025-02-07,Capital City,28,Rock Bridge,59
2025-02-07,West Plains,46,Rolla,88
2025-02-07,Platte County,74,Ruskin,67
2025-02-07,Slater,76,Sarcoxie,83
2025-02-07,Cabool,27,Salem,61
2025-02-07,Crest Ridge,69,Scott County Central,29
2025-02-07,Aurora,68,Seneca,66
2025-02-07,Adrian,73,Sherwood,35
2025-02-07,Wright City,64,South Pemiscot,43
2025-02-07,Warrensburg,35,Savannah,65
2025-02-07,Palmyra,53,South Shelby,44
2025-02-07,Central (Kansas City),74,Southeast,46
2025-02-07,Galena,82,Tuscumbia,87
2025-02-07,Marion C. Early,58,Spokane,61
2025-02-07,Fair Grove,64,Springfield Catholic,41
2025-02-07,Orchard Farm,42,St. Charles,39
2025-02-07,St. Francis Borgia,62,St. Dominic,52
2025-02-07,Pacific,38,St. James,68
2025-02-07,Wellington-Napoleon,48,St. Paul Lutheran (Concordia),60
2025-02-07,Raymore-Peculiar,41,Staley,73
2025-02-07,Normandy Collaborative,69,STEAM Academy,48
2025-02-07,Laquey,49,Westran,75
2025-02-07,Hollister,40,Winona,63
2025-02-07,St. Clair,42,Webb City,39
2025-02-07,Bunker,57,Wright City,22
2025-02-07,Concordia,64,Sweet Springs,27
2025-02-07,Northeast Nodaway,36,Tarkio with Fairfax,76
2025-02-07,Willow Springs,44,Thayer,50
2025-02-07,New Bloomfield,61,Tipton,67
2025-02-07,Vienna,37,Trenton,53
2025-02-07,Stewartsville with Osborn,72,Union Star,25
2025-02-07,Barstow,51,University Academy Charter,39
2025-02-07,Summit Christian Academy,58,Versailles,49
2025-02-07,California,69,Versailles,67
2025-02-07,Newburg,56,Vienna,45
2025-02-07,Winfield,40,Warrenton,66
2025-02-07,Nixa,59,Waynesville,44
2025-02-07,Halfway,69,Weaubleau,45
2025-02-07,Louisiana,64,Wellsville-Middletown,48
2025-02-07,Rock Port,63,West Nodaway with Nodaway-Holt,61
2025-02-07,Lawson,46,West Platte,48
2025-02-07,Maplewood-Richmond Hts.,37,Westminster Christian Academy,54
2025-02-07,Gloria Deo Academy,66,Wheaton,49
2025-02-07,Principia,70,Whitfield,43
2025-02-07,Glendale,70,Willard,76
2025-02-07,St. Charles,67,William Chrisman,22
2025-02-07,North Kansas City,70,Winnetonka,41
2025-02-07,St. Joseph Christian,62,Worth County,50
2025-02-08,Licking,72,Alton,53
2025-02-08,Ste. Genevieve,54,Arcadia Valley,60
2025-02-08,Gideon,52,Bell City,55
2025-02-08,Cuba,42,Belle,46
2025-02-08,Central (Park Hills),68,Bismarck,39
2025-02-08,Thayer,76,Breckenridge,43
2025-02-08,Summersville,52,Bunker,65
2025-02-08,Risco,52,Campbell,46
2025-02-08,Green City,76,Canton,63
2025-02-08,Helias Catholic,61,Cardinal Ritter,52
2025-02-08,Principia,75,Central (Cape Girardeau),42
2025-02-08,Richland (Essex),50,Central (New Madrid County),63
2025-02-08,Lutheran (Kansas City),46,Chamois,52
2025-02-08,Sikeston,96,Charleston,57
2025-02-08,Puxico,100,Clearwater,34
2025-02-08,East Carter,52,Doniphan,60
2025-02-08,Webster Groves,94,East Prairie,69
2025-02-08,Winona,44,Galena,54
2025-02-08,Jefferson City,74,Hazelwood East,62
2025-02-08,Riverview Gardens,53,Hickman,59
2025-02-08,Norborne,62,Keytesville,21
2025-02-08,Valley,43,Kingston,48
2025-02-08,Couch,68,Koshkonong,60
2025-02-08,Parkway Central,38,Ladue Horton Watkins,69
2025-02-08,Marshfield,52,Liberty (Mountain View),61
2025-02-08,Capital City,62,Lift for Life Academy Charter,54
2025-02-08,Sacred Heart,38,Lincoln,35
2025-02-08,Calvary Lutheran,48,Lutheran (Kansas City),44
2025-02-08,South Pemiscot,27,Marion County,65
2025-02-08,New Heights Christian,49,McAuley Catholic,48
2025-02-08,Neelyville,90,Naylor,40
2025-02-08,Valle Catholic,71,North County,46
2025-02-08,Windsor,54,Northwest (Hughesville),71
2025-02-08,Schuyler County,69,Putnam County,73
2025-02-08,Raytown South,36,Raytown,68
2025-02-08,Blair Oaks,76,Seneca,35
2025-02-08,School of the Ozarks,62,South Callaway,30
2025-02-08,Kirksville,57,Southern Boone,54
2025-02-08,Marionville,51,Spokane,49
2025-02-08,Newburg,58,Warsaw,84
2025-02-08,Greenville,52,St. Clair,67
2025-02-08,Prairie Home,72,Wheatland,85
2025-02-08,Confluence Prep Academy Charter,66,Woodland,64
2025-02-10,Gallatin,64,Albany,39
2025-02-10,Lakeland,66,Archie,72
2025-02-10,Wright City,36,Bakersfield,69
2025-02-10,St. Michael the Archangel,47,Barstow,38
2025-02-10,Prairie Home,62,Belle,66
2025-02-10,Kirksville,64,Brashear,71
2025-02-10,Thayer,26,Brunswick,91
2025-02-10,Lutie,48,Cabool,56
2025-02-10,Fatima,54,California,46
2025-02-10,Dixon,60,Calvary Lutheran,42
2025-02-10,Sweet Springs,26,Carrollton,72
2025-02-10,Central (New Madrid County),50,Caruthersville,67
2025-02-10,Clinton,53,Center,79
2025-02-10,Mark Twain,18,Centralia,87
2025-02-10,Normandy Collaborative,60,Chaminade College Prep,85
2025-02-10,Crocker,57,Chamois,26
2025-02-10,St. Dominic,67,Christian Brothers College,82
2025-02-10,Delta (Deering),51,Clarkton,55
2025-02-10,Madison,37,Columbia Independent,61
2025-02-10,Sweet Springs,67,Cooter,41
2025-02-10,Bourbon,39,Crystal City,81
2025-02-10,Jefferson (Festus),51,DeSoto,36
2025-02-10,Puxico,79,Doniphan,50
2025-02-10,Gainesville,69,Dora,49
2025-02-10,St. Charles,54,Duchesne,20
2025-02-10,Bunker,82,Ellington,46
2025-02-10,Northland Christian,43,Faith Christian Academy,73
2025-02-10,Valle Catholic,45,Farmington,76
2025-02-10,Brookfield,54,Fayette,43
2025-02-10,Central (Park Hills),66,Fredericktown,69
2025-02-10,Holcomb,36,Gideon,63
2025-02-10,University Academy Charter,75,Guadalupe Centers Charter,27
2025-02-10,St. Paul Lutheran (Farmington),41,Hancock,61
2025-02-10,Northwestern (Mendon),56,Hardin-Central,52
2025-02-10,Hazelwood Central,38,Hazelwood East,39
2025-02-10,Thayer,71,Houston,32
2025-02-10,Butler,43,Hume,29
2025-02-10,Exeter,39,Hurley,72
2025-02-10,Diamond,47,Jasper,45
2025-02-10,Leeton,42,Kingsville,45
2025-02-10,Eminence,67,Koshkonong,54
2025-02-10,Hogan Prep Academy Charter,52,Lafayette County,75
2025-02-10,North Platte,51,Lawson,37
2025-02-10,Couch,35,Liberty (Mountain View),74
2025-02-10,Cuba,64,Licking,76
2025-02-10,Roosevelt,33,Lift for Life Academy Charter,80
2025-02-10,Missouri Military Academy,72,Louisiana,77
2025-02-10,Conway,55,Marion C. Early,50
2025-02-10,Ash Grove,56,Marionville,35
2025-02-10,Lesterville,77,Marquand-Zion,75
2025-02-10,Braymer,50,Maryville,65
2025-02-10,Halfway,63,McAuley Catholic,61
2025-02-10,Grandview (Hillsboro),67,Metro,41
2025-02-10,Marshall,44,Mexico,80
2025-02-10,Midway,52,Miami (Amoret),54
2025-02-10,Aurora,47,Nevada,68
2025-02-10,Spokane,66,New Covenant Academy,82
2025-02-10,Westran,72,Newburg,64
2025-02-10,Risco,87,North Pemiscot,10
2025-02-10,Webb City,45,Northwest (Cedar Hill),55
2025-02-10,Fair Grove,60,Norwood,69
2025-02-10,St. Vincent,70,Oran,56
2025-02-10,Lebanon,55,Ozark,83
2025-02-10,Plattsburg,46,Penney,52
2025-02-10,Festus,76,Perryville,46
2025-02-10,Niangua,44,Pleasant Hope,78
2025-02-10,Liberal,55,Rich Hill,76
2025-02-10,Macks Creek,52,Richland,32
2025-02-10,Scott County Central,39,Richland (Essex),87
2025-02-10,Harrisonville,52,Richmond,57
2025-02-10,Savannah,62,Rock Bridge,72
2025-02-10,Grain Valley,55,Ruskin,49
2025-02-10,North Shelby,38,Schuyler County,55
2025-02-10,Gloria Deo Academy,45,School of the Ozarks,34
2025-02-10,Chaffee,35,Seneca,71
2025-02-10,Jamestown,57,Smithton,69
2025-02-10,Grandview,71,Sparta,36
2025-02-10,Miller Career Academy,71,Soldan International Studies,55
2025-02-10,Blue Eye,51,Tuscumbia,53
2025-02-10,New Heights Christian,72,Springfield Catholic,73
2025-02-10,Montgomery County,59,St. Francis Borgia,44
2025-02-10,Maplewood-Richmond Hts.,67,STEAM Academy,22
2025-02-10,Otterville,80,Willard,70
2025-02-10,La Plata,37,Worth County,59
2025-02-10,Neelyville,54,St. Clair,68
2025-02-10,Bishop DuBourg,32,Valley Park,71
2025-02-10,Tuscumbia,46,Vienna,73
2025-02-10,Ft. Zumwalt West,56,Washington,60
2025-02-10,Clopton,84,Wellsville-Middletown,36
2025-02-10,Bolivar,71,West Plains,42
2025-02-10,DeKalb,14,West Platte,63
2025-02-10,Parkview,55,Willard,52
2025-02-10,Meadow Heights,53,Woodland,84
2025-02-10,Mound City,43,Worth County,58
2025-02-10,Delta,72,Zalma,28
2025-02-11,Summit Christian Academy,97,Adrian,64
2025-02-11,Jasper,29,Appleton City,60
2025-02-11,West County,62,Arcadia Valley,44
2025-02-11,Sherwood,58,Archie,39
2025-02-11,Monett,61,Aurora,78
2025-02-11,Dexter,67,Bell City,35
2025-02-11,Warsaw,37,Belle,46
2025-02-11,Everton,24,Billings,85
2025-02-11,Oran,43,Bloomfield,46
2025-02-11,Lee's Summit West,54,Blue Springs,50
2025-02-11,Elsberry,57,Bowling Green,70
2025-02-11,Niangua,42,Bradleyville,73
2025-02-11,Northwestern (Mendon),12,Brunswick,57
2025-02-11,Winona,69,Buffalo,47
2025-02-11,Liberty (Mountain View),73,Cabool,43
2025-02-11,Boonville,46,California,44
2025-02-11,Maryville,67,Cameron,22
2025-02-11,Marion County,82,Canton,36
2025-02-11,Battle,84,Capital City,58
2025-02-11,Hillcrest,61,Carl Junction,62
2025-02-11,Central (New Madrid County),35,Central (Cape Girardeau),59
2025-02-11,Paseo Academy,64,Central (Kansas City),81
2025-02-11,Park Hill,59,Central (St. Joseph),54
2025-02-11,Hannibal,40,Centralia,49
2025-02-11,Perryville,51,Chaffee,82
2025-02-11,Jamestown,35,Chamois,58
2025-02-11,Bayless,34,Christian Brothers College,69
2025-02-11,Risco,70,Clarkton,39
2025-02-11,Delta (Deering),51,Clarkton,55
2025-02-11,MICDS,58,Clayton,62
2025-02-11,Crocker,38,Climax Springs,40
2025-02-11,Odessa,51,Clinton,69
2025-02-11,Worth County,66,Community,26
2025-02-11,St. Paul Lutheran (Concordia),57,Concordia,45
2025-02-11,Marion C. Early,51,Dadeville,45
2025-02-11,Greenfield,42,Diamond,58
2025-02-11,Van Buren,79,Dora,65
2025-02-11,Rich Hill,40,Drexel,31
2025-02-11,Cassville,37,East Newton,52
2025-02-11,Campbell,67,East Prairie,78
2025-02-11,Butler,32,El Dorado Springs,48
2025-02-11,Blair Oaks,61,Eldon,28
2025-02-11,Chillicothe,52,Ewing Marion Kauffman,49
2025-02-11,Raytown South,64,Excelsior Springs,39
2025-02-11,Tipton,63,Fayette,58
2025-02-11,Clever,42,Forsyth,73
2025-02-11,Belton,70,Fort Osage,62
2025-02-11,Troy Buchanan,34,Francis Howell Central,62
2025-02-11,Ft. Zumwalt East,44,Ft. Zumwalt North,54
2025-02-11,North Point,53,Ft. Zumwalt South,56
2025-02-11,Orchard Farm,56,Ft. Zumwalt West,54
2025-02-11,Fordland,43,Gainesville,76
2025-02-11,Penney,37,Gallatin,57
2025-02-11,Sweet Springs,78,Gideon,75
2025-02-11,Pilot Grove,59,Glasgow,67
2025-02-11,Central (Springfield),71,Glendale,54
2025-02-11,Linn County,53,Green City,111
2025-02-11,Crane,43,Greenwood,74
2025-02-11,Versailles,43,Hallsville,94
2025-02-11,Thayer,34,Hardin-Central,71
2025-02-11,Union,34,Hartville,62
2025-02-11,Bernie,49,Hayti,62
2025-02-11,Pacific,40,Hermann,50
2025-02-11,Macks Creek,33,Hermitage,68
2025-02-11,Springfield Catholic,73,Hollister,41
2025-02-11,West Nodaway with Nodaway-Holt,59,Jefferson (Conception) with South Nodaway,57
2025-02-11,Saxony Lutheran,43,Jefferson (Festus),45
2025-02-11,Hickman,73,Jefferson City,58
2025-02-11,Winnetonka,67,Kearney,60
2025-02-11,Senath-Hornersville,46,Kennett,56
2025-02-11,Stewartsville with Osborn,44,King City,58
2025-02-11,Potosi,80,Kingston,62
2025-02-11,Richmond,72,Knob Noster,37
2025-02-11,Cole Camp,49,La Monte,42
2025-02-11,Benton,49,Lafayette (St. Joseph),35
2025-02-11,North Platte,51,Lawson,37
2025-02-11,Blue Springs South,63,Lee's Summit,49
2025-02-11,Lafayette County,54,Lexington,66
2025-02-11,Francis Howell North,45,Liberty (Wentzville),73
2025-02-11,Smithton,49,Lincoln,61
2025-02-11,Ladue Horton Watkins,58,Lindbergh,65
2025-02-11,Branson,49,Logan-Rogersville,87
2025-02-11,Harrisonville,44,Lone Jack,27
2025-02-11,South Shelby,50,Macon,37
2025-02-11,Bevier,64,Macon County with Bucklin,66
2025-02-11,Schuyler County,65,Marceline,41
2025-02-11,Ash Grove,56,Marionville,35
2025-02-11,Montgomery County,104,Mark Twain,29
2025-02-11,Oak Ridge,41,Meadow Heights,65
2025-02-11,Eureka,57,Mehlville,49
2025-02-11,Bronaugh,43,Miami (Amoret),64
2025-02-11,East Buchanan,67,Mid-Buchanan,51
2025-02-11,Hume,39,Midway,65
2025-02-11,Schuyler County,73,Milan,36
2025-02-11,Kirksville,61,Moberly,52
2025-02-11,Palmyra,44,Monroe City,68
2025-02-11,Rock Port,67,Mound City,36
2025-02-11,Ava,32,Mountain Grove,52
2025-02-11,Lamar,80,Mt. Vernon,74
2025-02-11,Republic,57,Neosho,50
2025-02-11,Pleasant Hill,62,Nevada,73
2025-02-11,Eugene,90,New Bloomfield,46
2025-02-11,Pleasant Hope,55,New Covenant Academy,59
2025-02-11,Salem,62,New Franklin,56
2025-02-11,Thomas Jefferson Independent Day,39,New Heights Christian,61
2025-02-11,Kickapoo,43,Nixa,51
2025-02-11,Northeast Nodaway,34,North Harrison,82
2025-02-11,Park Hill South,47,North Kansas City,69
2025-02-11,Madison,7,Northeast (Cairo),74
2025-02-11,Humansville,43,Northeast Vernon County,46
2025-02-11,Hillsboro,56,Notre Dame (Cape Girardeau),65
2025-02-11,Warrensburg,43,Oak Grove,33
2025-02-11,Liberty,73,Oak Park,84
2025-02-11,Parkway West,50,Oakville,63
2025-02-11,Southern Boone,67,Osage,65
2025-02-11,Lakeland,33,Osceola,63
2025-02-11,St. James,42,Owensville,46
2025-02-11,Lebanon,55,Ozark,83
2025-02-11,Marquette,68,Parkway Central,40
2025-02-11,Jennings,66,Parkway North,72
2025-02-11,Northwest (Cedar Hill),32,Parkway South,73
2025-02-11,Lafayette (Wildwood),61,Pattonville,52
2025-02-11,Rockhurst,67,Pembroke Hill,44
2025-02-11,Westran,51,Plato,49
2025-02-11,Grain Valley,52,Platte County,40
2025-02-11,Pattonsburg,29,Polo,64
2025-02-11,Kelly,72,Portageville,69
2025-02-11,Van-Far,71,Prairie Home,58
2025-02-11,Putnam County,57,Princeton,73
2025-02-11,Westminster Christian Academy,58,Priory,21
2025-02-11,Liberty North,64,Raymore-Peculiar,62
2025-02-11,Summersville,72,Richland (Essex),57
2025-02-11,Seckman,47,Ritenour,56
2025-02-11,Camdenton,25,Rock Bridge,64
2025-02-11,Lutheran South,56,Rockwood Summit,39
2025-02-11,Waynesville,37,Rolla,54
2025-02-11,Harrisburg,74,Sarcoxie,44
2025-02-11,Northwest (Hughesville),39,Sacred Heart,45
2025-02-11,Wellington-Napoleon,65,Scott County Central,28
2025-02-11,Pierce City,58,Sarcoxie,42
2025-02-11,St. Pius X (Kansas City),81,Savannah,49
2025-02-11,Chadwick,48,School of the Ozarks,28
2025-02-11,Knox County,49,Senath-Hornersville,63
2025-02-11,Malden,25,Seneca,86
2025-02-11,Mansfield,62,Smithville,53
2025-02-11,Lockwood,39,South Shelby,61
2025-02-11,De Smet Jesuit,70,SLUH,36
2025-02-11,Grandview,71,Sparta,36
2025-02-11,Miller Career Academy,71,Soldan International Studies,55
2025-02-11,Linn,46,Slater,65
2025-02-11,East (Kansas City),58,Southeast,56
2025-02-11,Galena,87,Spokane,67
2025-02-11,New Haven,27,St. Clair,43
2025-02-11,Windsor (Imperial),65,St. Francis Borgia,73
2025-02-11,St. James,62,St. Joseph Christian,67
2025-02-11,Herculaneum,36,St. Vincent,73
2025-02-11,Lee's Summit North,49,Staley,55
2025-02-11,St. Elizabeth,53,Vienna,55
2025-02-11,Miller,51,Wellsville-Middletown,44
2025-02-11,Union,43,Webb City,51
2025-02-11,Orrick,66,Sweet Springs,73
2025-02-11,DeKalb,21,Tarkio with Fairfax,69
2025-02-11,Maysville,69,Trenton,39
2025-02-11,North Nodaway,47,Union Star,13
2025-02-11,DeLaSalle Charter (KC),51,University Academy Charter,70
2025-02-11,John Burroughs,72,University City,49
2025-02-11,Wellsville-Middletown,40,Van-Far,84
2025-02-11,Gateway,51,Waynesville,86
2025-02-11,St. Charles West,47,Warrenton,51
2025-02-11,Walnut Grove,45,Weaubleau,53
2025-02-11,Carthage,58,Webb City,64
2025-02-11,Francis Howell,51,Webster Groves,68
2025-02-11,Lathrop,41,West Platte,58
2025-02-11,Fair Play,25,Wheatland,76
2025-02-11,Verona,54,Wheaton,62
2025-02-11,West Plains,47,Whitfield,59
2025-02-11,Parkview,55,Willard,52
2025-02-11,Raytown,73,William Chrisman,32
2025-02-11,Salem,58,Willow Springs,71
2025-02-11,North Callaway,56,Wright City,41
2025-02-12,Lesterville,62,Ellington,57
2025-02-12,Clayton,59,Normandy Collaborative,54
2025-02-12,Bismarck,52,North County,70
2025-02-12,Marshfield,33,Reeds Spring,75
2025-02-12,Leopold,56,Scott County Central,45
2025-02-12,Valley,63,Ste. Genevieve,59
2025-02-13,Southeast,39,Barstow,49
2025-02-13,Greenville,67,Bernie,85
2025-02-13,Malden,48,Bloomfield,63
2025-02-13,Grandview (Hillsboro),53,Bourbon,37
2025-02-13,Marceline,45,Brookfield,66
2025-02-13,Sarcoxie,70,Calvary Lutheran,50
2025-02-13,Lafayette County,72,Carrollton,57
2025-02-13,Valle Catholic,60,Central (Park Hills),56
2025-02-13,Bradleyville,33,Chadwick,80
2025-02-13,Cardinal Ritter,66,Christian Brothers College,46
2025-02-13,Winona,58,Clever,49
2025-02-13,SLUH,70,Confluence Prep Academy Charter,68
2025-02-13,Northwest (Hughesville),44,Crest Ridge,53
2025-02-13,Richland (Essex),56,Delta,60
2025-02-13,Neelyville,49,Doniphan,36
2025-02-13,Senath-Hornersville,58,East Carter,54
2025-02-13,Guadalupe Centers Charter,44,Frontier School of Excellence Charter,56
2025-02-13,Wheaton,59,Golden City,93
2025-02-13,Logan-Rogersville,66,Greenwood,40
2025-02-13,Mexico,56,Harrisburg,57
2025-02-13,Newburg,66,Iberia,92
2025-02-13,Parkway South,62,Jennings,72
2025-02-13,Raytown South,45,Kearney,56
2025-02-13,Arcadia Valley,41,Kingston,46
2025-02-13,McCluer,33,Kirkwood,82
2025-02-13,Naylor,27,Koshkonong,50
2025-02-13,Seckman,65,Ladue Horton Watkins,48
2025-02-13,Bishop LeBlond,58,Lafayette (St. Joseph),64
2025-02-13,Stanberry,49,Lesterville,37
2025-02-13,Drexel,36,Lutheran (Kansas City),50
2025-02-13,Duchesne,36,Lutheran South,71
2025-02-13,Northwest (Cedar Hill),46,Maplewood-Richmond Hts.,64
2025-02-13,King City,54,Maysville,83
2025-02-13,Bell City,36,Meadow Heights,65
2025-02-13,Tri-County,64,Mercer,52
2025-02-13,School of the Ozarks,72,Niangua,49
2025-02-13,Slater,55,North Callaway,41
2025-02-13,Bismarck,52,North County,70
2025-02-13,Rockwood Summit,69,Oakville,65
2025-02-13,St. Charles,79,Platte County,56
2025-02-13,Schuyler County,80,Putnam County,71
2025-02-13,Sweet Springs,60,Risco,68
2025-02-13,Hazelwood West,31,Riverview Gardens,40
2025-02-13,Chaffee,44,Saxony Lutheran,27
2025-02-13,Buffalo,57,Springfield Catholic,78
2025-02-13,Rock Port,74,Vienna,42
2025-02-13,Valley,63,Ste. Genevieve,59
2025-02-13,Van Buren,66,Warsaw,60
2025-02-13,Gateway,70,West Plains,63
2025-02-13,Albany,32,Tarkio with Fairfax,62
2025-02-13,Exeter,31,Thomas Jefferson Independent Day,77
2025-02-13,Versailles,65,Tipton,50
2025-02-13,El Dorado Springs,57,Warsaw,61
2025-02-13,Polo,55,Wellington-Napoleon,57
2025-02-13,Licking,45,Willow Springs,48
2025-02-14,Normandy Collaborative,58,Affton,42
2025-02-14,Van Buren,87,Alton,51
2025-02-14,Rich Hill,58,Appleton City,47
2025-02-14,Wellsville-Middletown,47,Ash Grove,28
2025-02-14,Brashear,34,Atlanta,80
2025-02-14,Camdenton,54,Aurora,87
2025-02-14,Summit Christian Academy,53,Barstow,41
2025-02-14,Maryville,31,Benton,62
2025-02-14,Malden,42,Bernie,85
2025-02-14,Columbia Independent,61,Bevier,26
2025-02-14,St. Francis Borgia,81,Bishop DuBourg,26
2025-02-14,Blue Springs,62,Blue Springs South,59
2025-02-14,Carl Junction,52,Bolivar,49
2025-02-14,Savannah,62,Boonville,44
2025-02-14,Wellsville-Middletown,22,Bowling Green,70
2025-02-14,West Plains,56,Branson,80
2025-02-14,St. Pius X (Festus),46,Brentwood,79
2025-02-14,Warsaw,61,Butler,45
2025-02-14,Mountain Grove,62,Cabool,23
2025-02-14,Eldon,38,California,56
2025-02-14,Jamestown,55,Calvary Lutheran,62
2025-02-14,Lafayette County,72,Carrollton,57
2025-02-14,Neosho,44,Carthage,55
2025-02-14,Stanberry,76,Caruthersville,66
2025-02-14,Mt. Vernon,52,Cassville,51
2025-02-14,Jackson,62,Central (New Madrid County),39
2025-02-14,Park Hill South,67,Central (St. Joseph),65
2025-02-14,Woodland,69,Charleston,82
2025-02-14,South Shelby,57,Clark County,38
2025-02-14,Chilhowee,34,Climax Springs,75
2025-02-14,Van-Far,51,Clopton,63
2025-02-14,Scott County Central,46,Concordia,66
2025-02-14,Westran,62,Crocker,56
2025-02-14,Chaminade College Prep,50,De Smet Jesuit,53
2025-02-14,Union Star,26,DeKalb,37
2025-02-14,East (Kansas City),68,DeLaSalle Charter (KC),51
2025-02-14,Hillsboro,64,DeSoto,37
2025-02-14,Kennett,60,Dexter,68
2025-02-14,Sarcoxie,35,Diamond,68
2025-02-14,Wright City,50,Dora,43
2025-02-14,St. Dominic,71,Duchesne,33
2025-02-14,West Platte,38,East Buchanan,68
2025-02-14,Nevada,62,East Newton,59
2025-02-14,Adrian,67,El Dorado Springs,61
2025-02-14,Eminence,86,Ellington,58
2025-02-14,University City,45,Eureka,42
2025-02-14,Macks Creek,44,Fair Play,37
2025-02-14,Fredericktown,24,Farmington,59
2025-02-14,Chadwick,60,Fatima,62
2025-02-14,Smithville,55,Fordland,47
2025-02-14,Fair Grove,68,Forsyth,67
2025-02-14,William Chrisman,33,Fort Osage,72
2025-02-14,STEAM Academy,41,Fox,63
2025-02-14,Ft. Zumwalt West,60,Francis Howell Central,72
2025-02-14,Troy Buchanan,66,Francis Howell North,55
2025-02-14,North Point,65,Ft. Zumwalt East,52
2025-02-14,Timberland,58,Ft. Zumwalt South,45
2025-02-14,Kirksville,51,Fulton,57
2025-02-14,Mansfield,44,Gainesville,56
2025-02-14,Community,23,Glasgow,77
2025-02-14,Ozark,55,Glendale,61
2025-02-14,Belton,57,Grain Valley,53
2025-02-14,Excelsior Springs,33,Grandview,73
2025-02-14,La Plata,50,Green City,88
2025-02-14,Tri-County,40,Grundy County with Newtown-Harris,49
2025-02-14,Southern Boone,56,Hallsville,53
2025-02-14,Fayette,43,Harrisburg,75
2025-02-14,Archie,43,Harrisonville,74
2025-02-14,Conway,37,Hartville,89
2025-02-14,Rockwood Summit,50,Hazelwood East,70
2025-02-14,Battle,60,Helias Catholic,66
2025-02-14,Crystal City,63,Herculaneum,58
2025-02-14,Northwestern (Mendon),38,Higbee,53
2025-02-14,Macon,47,Highland,48
2025-02-14,Marshfield,33,Hillcrest,75
2025-02-14,Liberty (Mountain View),85,Houston,54
2025-02-14,Halfway,57,Humansville,47
2025-02-14,Everton,39,Hurley,96
2025-02-14,Blair Oaks,64,Jefferson City,65
2025-02-14,Lutheran North,41,John Burroughs,62
2025-02-14,East Prairie,86,Kelly,60
2025-02-14,Waynesville,17,Kickapoo,67
2025-02-14,North Shelby,74,Knox County,58
2025-02-14,Jasper,46,Lakeland,56
2025-02-14,Seneca,66,Lamar,63
2025-02-14,Lee's Summit North,43,Lee's Summit,37
2025-02-14,Raymore-Peculiar,51,Lee's Summit West,50
2025-02-14,Bloomfield,36,Leopold,45
2025-02-14,Richmond,59,Lexington,56
2025-02-14,North Kansas City,67,Liberty,61
2025-02-14,Francis Howell,56,Liberty (Wentzville),57
2025-02-14,Staley,60,Liberty North,53
2025-02-14,Tipton,69,Linn,48
2025-02-14,Marionville,57,Lockwood,59
2025-02-14,Montgomery County,80,Louisiana,31
2025-02-14,Priory,41,Lutheran South,73
2025-02-14,Billings,38,Marion C. Early,41
2025-02-14,Elsberry,66,Mark Twain,38
2025-02-14,Delta,85,Marquand-Zion,63
2025-02-14,Hazelwood Central,59,Marquette,69
2025-02-14,Hannibal,59,Marshall,68
2025-02-14,Brookfield,45,Maysville,60
2025-02-14,Macon County with Bucklin,30,Meadville,68
2025-02-14,Osage,60,Mexico,74
2025-02-14,Whitfield,60,MICDS,67
2025-02-14,Plattsburg,32,Mid-Buchanan,78
2025-02-14,Leeton,48,Midway,41
2025-02-14,Princeton,61,Milan,24
2025-02-14,Capital City,61,Miller Career Academy,70
2025-02-14,Westran,57,Moberly,62
2025-02-14,McDonald County,65,Monett,69
2025-02-14,Centralia,65,Monroe City,57
2025-02-14,Worth County,48,New Franklin,54
2025-02-14,Owensville,68,New Haven,25
2025-02-14,McAuley Catholic,44,New Heights Christian,51
2025-02-14,Dixon,79,Newburg,56
2025-02-14,Lebanon,53,Nixa,87
2025-02-14,St. James,60,North Nodaway,37
2025-02-14,Lathrop,43,North Platte,74
2025-02-14,Southeast,57,Northeast (Kansas City),21
2025-02-14,Stewartsville with Osborn,82,Northeast Nodaway,24
2025-02-14,Hermitage,80,Northeast Vernon County,67
2025-02-14,Green Ridge,37,Northwest (Hughesville),34
2025-02-14,Odessa,47,Oak Grove,44
2025-02-14,Park Hill,59,Oak Park,70
2025-02-14,Saxony Lutheran,62,Oak Ridge,40
2025-02-14,Mehlville,50,Oakville,54
2025-02-14,Warrenton,44,Orchard Farm,50
2025-02-14,Wellington-Napoleon,38,Orrick,33
2025-02-14,Liberal,32,Osceola,73
2025-02-14,Cole Camp,53,Otterville,66
2025-02-14,St. Clair,42,Pacific,52
2025-02-14,Central (Springfield),69,Parkview,66
2025-02-14,Lafayette (Wildwood),63,Parkway Central,54
2025-02-14,Lindbergh,69,Parkway West,40
2025-02-14,University Academy Charter,38,Pembroke Hill,62
2025-02-14,Lawson,44,Penney,52
2025-02-14,South Shelby,67,Pierce City,52
2025-02-14,Laquey,23,Plato,54
2025-02-14,Clinton,76,Pleasant Hill,82
2025-02-14,Notre Dame (Cape Girardeau),65,Poplar Bluff,44
2025-02-14,West County,51,Potosi,69
2025-02-14,Tuscumbia,43,Prairie Home,72
2025-02-14,Hollister,52,Reeds Spring,62
2025-02-14,Joplin,44,Republic,72
2025-02-14,Iberia,85,Richland,29
2025-02-14,Lincoln College Prep,41,Rock Bridge,65
2025-02-14,Tarkio with Fairfax,60,Rock Port,81
2025-02-14,Raytown,70,Ruskin,60
2025-02-14,Eugene,81,Sarcoxie,48
2025-02-14,Schuyler County,44,Schuyler County,51
2025-02-14,Chillicothe,50,Savannah,38
2025-02-14,Perryville,54,Seneca,97
2025-02-14,Oran,60,Scott County Central,53
2025-02-14,Central (Cape Girardeau),44,Sikeston,63
2025-02-14,Northeast (Cairo),74,Salem,89
2025-02-14,Vianney,79,SLUH,70
2025-02-14,Sacred Heart,70,Smithton,50
2025-02-14,New Bloomfield,60,Slater,68
2025-02-14,Norwood,61,Union,41
2025-02-14,Crane,58,Spokane,41
2025-02-14,St. Charles West,37,St. Charles,46
2025-02-14,Webb City,39,St. James,62
2025-02-14,North Andrew,41,St. Joseph Christian,47
2025-02-14,Versailles,52,St. Michael the Archangel,56
2025-02-14,Sweet Springs,21,St. Paul Lutheran (Concordia),64
2025-02-14,Cameron,32,St. Pius X (Kansas City),71
2025-02-14,Grandview (Hillsboro),35,St. Vincent,57
2025-02-14,La Monte,26,Willard,50
2025-02-14,Salem,31,Thayer,60
2025-02-14,Miami (Amoret),49,Thomas Jefferson Independent Day,60
2025-02-14,Puxico,77,St. Clair,36
2025-02-14,Hermann,50,Union,26
2025-02-14,Exeter,66,Verona,61
2025-02-14,Knob Noster,54,Versailles,73
2025-02-14,Belle,47,Vienna,57
2025-02-14,Wheatland,77,Walnut Grove,40
2025-02-14,Ft. Zumwalt North,48,Washington,50
2025-02-14,Dadeville,48,Weaubleau,66
2025-02-14,McCluer North,42,Webster Groves,72
2025-02-14,Mound City,60,West Nodaway with Nodaway-Holt,77
2025-02-14,Principia,58,Westminster Christian Academy,70
2025-02-14,Webb City,70,Willard,64
2025-02-14,Ava,54,Willow Springs,55
2025-02-14,Lincoln,49,Windsor,36
2025-02-14,Festus,29,Windsor (Imperial),52
2025-02-14,Holt,70,Winfield,35
2025-02-14,Sparta,66,Winnetonka,69
2025-02-14,Veritas Christian Academy,49,Wright City,61
2025-02-14,Advance,61,Zalma,17
2025-02-15,Osceola,69,Appleton City,50
2025-02-15,Raymore-Peculiar,46,Benton,50
2025-02-15,Palmyra,69,Bowling Green,56
2025-02-15,Atlanta,80,Brashear,34
2025-02-15,Chaffee,33,Bunker,41
2025-02-15,Principia,80,Christian Brothers College,59
2025-02-15,Smithville,73,Conway,43
2025-02-15,Valley Park,56,DeSoto,38
2025-02-15,Laquey,58,Dixon,80
2025-02-15,Summersville,85,Doniphan,75
2025-02-15,Bishop LeBlond,45,East Buchanan,69
2025-02-15,Delta,53,East Prairie,103
2025-02-15,Potosi,40,Farmington,69
2025-02-15,West County,51,Fredericktown,54
2025-02-15,Prairie Home,51,Glasgow,67
2025-02-15,Miller Career Academy,60,Hazelwood Central,70
2025-02-15,Washington,39,Hermann,49
2025-02-15,Lutheran North,54,Hickman,66
2025-02-15,Lesterville,85,Houston,48
2025-02-15,Mid-Buchanan,63,Jefferson (Conception) with South Nodaway,53
2025-02-15,Valle Catholic,48,Kingston,54
2025-02-15,St. Michael the Archangel,67,Lafayette (St. Joseph),56
2025-02-15,North Callaway,43,Montgomery County,83
2025-02-15,Valley,47,North County,44
2025-02-15,MICDS,45,Orchard Farm,55
2025-02-15,Hayti,60,Richland (Essex),64
2025-02-15,Westminster Christian Academy,51,Rock Bridge,67
2025-02-15,Halfway,53,Sacred Heart,51
2025-02-15,Billings,63,School of the Ozarks,44
2025-02-15,New Bloomfield,58,Southern Boone,76
2025-02-15,Faith Christian Academy,67,Van-Far,63
2025-02-15,Puxico,77,St. Clair,36
2025-02-15,Zalma,25,Winona,73
2025-02-16,MICDS,72,Lutheran North,49
2025-02-17,Scott County Central,52,Advance,71
2025-02-17,Liberal,46,Archie,61
2025-02-17,South Shelby,59,Ash Grove,53
2025-02-17,Oak Ridge,40,Bell City,74
2025-02-17,Slater,61,Belle,63
2025-02-17,Platte County,71,Belton,74
2025-02-17,Delta,72,Bernie,66
2025-02-17,Raymore-Peculiar,57,Blue Springs,59
2025-02-17,Battle,81,Boonville,52
2025-02-17,Priory,61,Brentwood,52
2025-02-17,Dadeville,75,Bronaugh,43
2025-02-17,Capital City,57,Camdenton,61
2025-02-17,Leopold,50,Charleston,62
2025-02-17,Northwest (Cedar Hill),34,Clayton,79
2025-02-17,Bowling Green,56,Clopton,43
2025-02-17,Bloomfield,69,Cooter,81
2025-02-17,Lesterville,72,Crystal City,62
2025-02-17,Bunker,50,Cuba,43
2025-02-17,Summersville,90,East Carter,71
2025-02-17,Wright City,55,Eminence,59
2025-02-17,Linn,35,Eugene,93
2025-02-17,School of the Ozarks,57,Everton,27
2025-02-17,Reeds Spring,38,Fair Grove,64
2025-02-17,Walnut Grove,53,Fair Play,24
2025-02-17,St. Vincent,48,Fredericktown,56
2025-02-17,Purdy,52,Galena,70
2025-02-17,New Heights Christian,85,Golden City,44
2025-02-17,Mansfield,79,Greenfield,45
2025-02-17,Prairie Home,75,Higbee,52
2025-02-17,Forsyth,84,Hollister,48
2025-02-17,Wheatland,56,Humansville,32
2025-02-17,New Bloomfield,56,Jamestown,67
2025-02-17,Marion C. Early,64,Jasper,47
2025-02-17,Carthage,70,Joplin,54
2025-02-17,Kennett,61,Kelly,74
2025-02-17,Dora,58,Koshkonong,38
2025-02-17,Lincoln,54,La Monte,27
2025-02-17,Rich Hill,57,Lakeland,45
2025-02-17,Calvary Lutheran,56,Laquey,45
2025-02-17,Holden,48,Lexington,77
2025-02-17,Newburg,47,Licking,70
2025-02-17,Seckman,48,Lindbergh,51
2025-02-17,Sarcoxie,44,Lockwood,56
2025-02-17,Veritas Christian Academy,59,Louisiana,52
2025-02-17,Northland Christian,69,Lutheran (Kansas City),59
2025-02-17,Bishop DuBourg,41,Lutheran South,77
2025-02-17,East Prairie,87,Malden,105
2025-02-17,Moberly,65,Marshall,55
2025-02-17,Tuscumbia,40,McAuley Catholic,56
2025-02-17,Marionville,29,Miller,61
2025-02-17,Roosevelt,26,Miller Career Academy,80
2025-02-17,Lamar,63,Monett,60
2025-02-17,Willow Springs,51,Mountain Grove,54
2025-02-17,Holcomb,30,Neelyville,90
2025-02-17,Hurley,63,New Covenant Academy,85
2025-02-17,Webb City,57,New Haven,32
2025-02-17,Glendale,44,Nixa,76
2025-02-17,Valle Catholic,68,North County,58
2025-02-17,Campbell,79,North Pemiscot,24
2025-02-17,Windsor,55,Northwest (Hughesville),42
2025-02-17,Warrensburg,42,Odessa,58
2025-02-17,Midway,35,Osceola,68
2025-02-17,Central (Springfield),60,Ozark,59
2025-02-17,Clark County,39,Palmyra,54
2025-02-17,New Franklin,48,Pilot Grove,54
2025-02-17,Lone Jack,52,Pleasant Hill,70
2025-02-17,St. Clair,60,Portageville,48
2025-02-17,Polo,75,Putnam County,83
2025-02-17,Kickapoo,63,Republic,43
2025-02-17,Parkway North,74,Rockwood Summit,67
2025-02-17,Mt. Vernon,74,Seneca,58
2025-02-17,Northeast Vernon County,42,South Callaway,44
2025-02-17,El Dorado Springs,48,Sherwood,45
2025-02-17,Glasgow,53,Salem,56
2025-02-17,Cole Camp,47,Smithton,52
2025-02-17,Brookfield,59,St. Elizabeth,58
2025-02-17,Valley,64,Stanberry,80
2025-02-17,University Academy Charter,51,Southeast,43
2025-02-17,Smithville,50,Union,43
2025-02-17,Tuscumbia,47,Van-Far,79
2025-02-17,Hermann,59,St. James,37
2025-02-17,Leeton,41,St. Paul Lutheran (Concordia),58
2025-02-17,Marquand-Zion,77,St. Paul Lutheran (Farmington),28
2025-02-17,Gateway,91,St. Pius X (Festus),67
2025-02-17,Soldan International Studies,47,STEAM Academy,46
2025-02-17,Kingston,51,Warsaw,57
2025-02-17,Pleasant Hope,43,Wellsville-Middletown,59
2025-02-17,Conway,43,Westran,88
2025-02-17,Crest Ridge,77,Sweet Springs,48
2025-02-17,Ava,44,Thayer,66
2025-02-17,St. Clair,54,Union,47
2025-02-17,Bakersfield,66,Van Buren,76
2025-02-17,Elsberry,33,Warrenton,66
2025-02-17,Hermitage,45,Weaubleau,50
2025-02-17,Parkview,70,Webb City,37
2025-02-17,Kingsville,66,Wellington-Napoleon,60
2025-02-17,South Pemiscot,46,Wellsville-Middletown,35
2025-02-17,Couch,43,Winona,44
2025-02-17,Meadow Heights,65,Zalma,36
2025-02-18,East Newton,58,Aurora,72
2025-02-18,Oak Ridge,40,Bell City,74
2025-02-18,Platte County,71,Belton,74
2025-02-18,Savannah,36,Benton,79
2025-02-18,Gloria Deo Academy,40,Blue Eye,49
2025-02-18,Raymore-Peculiar,57,Blue Springs,59
2025-02-18,Fordland,77,Bradleyville,54
2025-02-18,Knob Noster,55,Carrollton,39
2025-02-18,Alton,56,Doniphan,64
2025-02-18,North Platte,61,East Buchanan,70
2025-02-18,Linn,35,Eugene,93
2025-02-18,Ft. Zumwalt South,45,Ft. Zumwalt West,66
2025-02-18,New Heights Christian,85,Golden City,44
2025-02-18,Fair Play,53,Greenfield,66
2025-02-18,Scott County Central,45,Hardin-Central,54
2025-02-18,Clinton,45,Harrisonville,47
2025-02-18,Prairie Home,75,Higbee,52
2025-02-18,Cabool,59,Houston,66
2025-02-18,Holden,48,Lexington,77
2025-02-18,Bishop DuBourg,41,Lutheran South,77
2025-02-18,East Prairie,87,Malden,41
2025-02-18,Canton,51,Marion County,43
2025-02-18,Moberly,65,Marshall,55
2025-02-18,Marionville,29,Miller,61
2025-02-18,Lamar,63,Monett,60
2025-02-18,Battle,76,Monroe City,41
2025-02-18,Willow Springs,51,Mountain Grove,54
2025-02-18,Willard,62,Neosho,53
2025-02-18,Webb City,57,New Haven,32
2025-02-18,Rock Port,75,North Andrew,73
2025-02-18,Senath-Hornersville,58,North Shelby,59
2025-02-18,Concordia,46,Orrick,43
2025-02-18,Owensville,55,Pacific,34
2025-02-18,Hannibal,41,Palmyra,59
2025-02-18,Liberty,57,Park Hill South,54
2025-02-18,Diamond,43,Pierce City,46
2025-02-18,Liberty (Mountain View),55,Salem,79
2025-02-18,Mt. Vernon,74,Seneca,58
2025-02-18,Glasgow,53,Salem,56
2025-02-18,Cole Camp,47,Smithton,52
2025-02-18,Waynesville,71,Soldan International Studies,29
2025-02-18,Fayette,62,Slater,75
2025-02-18,Smithville,50,Union,43
2025-02-18,Hermann,52,St. James,39
2025-02-18,Sarcoxie,60,Tipton,64
2025-02-18,St. Clair,54,Union,47
2025-02-18,Lebanon,51,Waynesville,48
2025-02-18,Lone Jack,49,Wellington-Napoleon,43
2025-02-18,Marshfield,29,West Plains,79
2025-02-18,Schuyler County,56,Westran,64
2025-02-18,Exeter,59,Wheaton,62
2025-02-19,Savannah,36,Benton,79
2025-02-19,Affton,43,Bishop DuBourg,35
2025-02-19,Ewing Marion Kauffman,35,Central (St. Joseph),55
2025-02-19,Liberty (Wentzville),70,Francis Howell North,55
2025-02-19,Atlanta,49,Green City,65
2025-02-19,Rock Bridge,67,Hickman,57
2025-02-19,Webster Groves,60,Ladue Horton Watkins,76
2025-02-19,La Plata,67,Linn County,54
2025-02-19,Battle,76,Monroe City,41
2025-02-19,St. Charles West,74,North Point,43
2025-02-19,St. Charles,60,Orchard Farm,65
2025-02-19,Clark County,39,Palmyra,54
2025-02-19,North Kansas City,70,Park Hill,59
2025-02-19,Liberty,57,Park Hill South,54
2025-02-19,Clayton,72,Parkway Central,53
2025-02-19,Southeast,55,Paseo Academy,59
2025-02-19,Timberland,81,St. Dominic,54
2025-02-19,Summit Christian Academy,61,St. Michael the Archangel,55
2025-02-19,Bishop LeBlond,57,St. Pius X (Kansas City),59
2025-02-19,Blue Springs South,67,Staley,64
2025-02-19,St. Joseph Christian,59,West Nodaway with Nodaway-Holt,70
2025-02-20,William Chrisman,49,Belton,72
2025-02-20,Bishop LeBlond,49,Benton,77
2025-02-20,Westran,59,Brunswick,55
2025-02-20,Ewing Marion Kauffman,63,Capital City,47
2025-02-20,Oak Park,68,Central (St. Joseph),34
2025-02-20,SLUH,52,Chaminade College Prep,71
2025-02-20,Columbia Independent,52,Chamois,41
2025-02-20,Sherwood,55,Chilhowee,26
2025-02-20,North Shelby,75,Community,44
2025-02-20,St. Paul Lutheran (Concordia),52,Crest Ridge,50
2025-02-20,Winfield,57,Crystal City,44
2025-02-20,Lutheran (Kansas City),59,DeKalb,26
2025-02-20,Lockwood,37,Diamond,44
2025-02-20,North Platte,61,East Buchanan,70
2025-02-20,Monett,51,Forsyth,85
2025-02-20,Parkway West,70,Fox,46
2025-02-20,Braymer,63,Gallatin,53
2025-02-20,Campbell,70,Gideon,35
2025-02-20,Meadville,59,Grundy County with Newtown-Harris,44
2025-02-20,School of the Ozarks,30,Halfway,64
2025-02-20,Parkway South,56,Hazelwood East,60
2025-02-20,La Plata,39,Higbee,56
2025-02-20,Lafayette County,73,Holden,25
2025-02-20,Albany,41,Jefferson (Conception) with South Nodaway,56
2025-02-20,STEAM Academy,52,KIPP St. Louis Sr.,46
2025-02-20,Penney,79,Lathrop,56
2025-02-20,Lee's Summit West,62,Lee's Summit North,46
2025-02-20,Prairie Home,75,Leeton,45
2025-02-20,Francis Howell Central,43,Liberty (Wentzville),75
2025-02-20,Lee's Summit,58,Liberty North,65
2025-02-20,Barstow,84,Lone Jack,50
2025-02-20,Fordland,59,Mansfield,66
2025-02-20,Duchesne,47,Maplewood-Richmond Hts.,67
2025-02-20,Priory,48,MICDS,79
2025-02-20,Wellington-Napoleon,34,Mid-Buchanan,74
2025-02-20,Drexel,64,Midway,51
2025-02-20,Senath-Hornersville,66,Milan,27
2025-02-20,Harrisburg,76,New Bloomfield,29
2025-02-20,Glasgow,60,New Franklin,47
2025-02-20,Principia,84,Normandy Collaborative,50
2025-02-20,Tarkio with Fairfax,76,North Andrew,80
2025-02-20,Bowling Green,57,North Callaway,46
2025-02-20,Jefferson (Festus),62,Northwest (Cedar Hill),49
2025-02-20,Brashear,50,Novinger,43
2025-02-20,Eldon,45,Osage,62
2025-02-20,Riverview Gardens,45,Parkway North,71
2025-02-20,Ladue Horton Watkins,52,Pattonville,55
2025-02-20,Salem,76,Pilot Grove,58
2025-02-20,West Platte,52,Plattsburg,59
2025-02-20,Ava,49,Reeds Spring,44
2025-02-20,Archie,37,Rich Hill,75
2025-02-20,Bloomfield,41,Richland (Essex),50
2025-02-20,Parkway Central,58,Ritenour,59
2025-02-20,St. Francis Borgia,59,Rolla,74
2025-02-20,Hallsville,61,Schuyler County,57
2025-02-20,Princeton,47,Schuyler County,73
2025-02-20,Helias Catholic,70,Savannah,45
2025-02-20,Fayette,62,Slater,75
2025-02-20,Gainesville,50,Union,43
2025-02-20,Lafayette (St. Joseph),55,St. Pius X (Kansas City),70
2025-02-20,Gallatin,62,Vienna,52
2025-02-20,Northeast (Cairo),56,Worth County,51
2025-02-20,McAuley Catholic,40,Thomas Jefferson Independent Day,52
2025-02-20,Thayer,35,Tri-County,76
2025-02-20,King City,69,Union Star,22
2025-02-20,St. Michael the Archangel,72,University Academy Charter,46
2025-02-20,Brentwood,47,Veritas Christian Academy,45
2025-02-20,Wright City,60,Wellsville-Middletown,48
2025-02-20,Hermitage,48,Wheatland,64
2025-02-20,Tuscumbia,82,Wheaton,49
2025-02-20,Bayless,53,Whitfield,66
2025-02-20,Versailles,45,Winnetonka,69
2025-02-20,Maysville,62,Worth County,37
2025-02-21,Leopold,53,Advance,52
2025-02-21,Koshkonong,45,Alton,70
2025-02-21,Houston,41,Ava,71
2025-02-21,Hickman,76,Battle,97
2025-02-21,Maplewood-Richmond Hts.,70,Bayless,75
2025-02-21,St. Vincent,55,Bell City,60
2025-02-21,Green City,91,Bevier,27
2025-02-21,Marquand-Zion,51,Bloomfield,74
2025-02-21,Lee's Summit West,51,Blue Springs South,49
2025-02-21,Macon County with Bucklin,36,Brashear,53
2025-02-21,Keytesville,53,Breckenridge,60
2025-02-21,Willow Springs,100,Cabool,44
2025-02-21,West Plains,65,Carl Junction,64
2025-02-21,Republic,65,Carthage,57
2025-02-21,Harrisonville,47,Center,53
2025-02-21,Nixa,64,Central (Springfield),51
2025-02-21,Liberty,52,Central (St. Joseph),65
2025-02-21,Clark County,48,Centralia,51
2025-02-21,Tipton,58,Chamois,32
2025-02-21,Lafayette (St. Joseph),35,Chillicothe,41
2025-02-21,Summersville,75,Clarkton,65
2025-02-21,Rockwood Summit,64,Clayton,63
2025-02-21,Appleton City,55,Clinton,67
2025-02-21,Northeast (Cairo),83,Community,36
2025-02-21,Fatima,47,Cuba,35
2025-02-21,Lockwood,37,Diamond,44
2025-02-21,Jasper,27,Drexel,45
2025-02-21,Southeast,51,East (Kansas City),48
2025-02-21,Winona,66,East Newton,48
2025-02-21,Versailles,54,El Dorado Springs,69
2025-02-21,Valle Catholic,61,Ellington,70
2025-02-21,South Pemiscot,42,Elsberry,68
2025-02-21,Father Tolton,78,Eugene,45
2025-02-21,Webster Groves,58,Eureka,40
2025-02-21,Marionville,68,Exeter,37
2025-02-21,Clever,59,Fair Grove,73
2025-02-21,Jamestown,61,Fayette,65
2025-02-21,Stanberry,35,Festus,74
2025-02-21,Monett,51,Forsyth,85
2025-02-21,Francis Howell Central,74,Francis Howell,64
2025-02-21,Ft. Zumwalt South,64,Ft. Zumwalt East,24
2025-02-21,North Point,45,Ft. Zumwalt North,61
2025-02-21,Francis Howell North,44,Ft. Zumwalt West,61
2025-02-21,Waynesville,52,Glendale,68
2025-02-21,Cole Camp,53,Green Ridge,40
2025-02-21,Pleasant Hope,52,Greenwood,74
2025-02-21,Tri-County,54,Grundy County with Newtown-Harris,79
2025-02-21,Fulton,51,Hannibal,49
2025-02-21,Scott County Central,45,Hardin-Central,54
2025-02-21,Schuyler County,56,Harrisburg,69
2025-02-21,Norwood,62,Harrisburg,58
2025-02-21,Valley Park,57,Herculaneum,34
2025-02-21,New Haven,29,Hermann,69
2025-02-21,Palmyra,69,Highland,36
2025-02-21,Branson,71,Hillcrest,77
2025-02-21,Adrian,71,Hogan Prep Academy Charter,56
2025-02-21,Orchard Farm,44,Holt,47
2025-02-21,North County,65,Jefferson (Festus),67
2025-02-21,Capital City,67,Jefferson City,59
2025-02-21,Chilhowee,36,Kingsville,72
2025-02-21,University City,58,Kirkwood,59
2025-02-21,Lexington,83,Knob Noster,53
2025-02-21,Windsor,68,La Monte,33
2025-02-21,Mehlville,29,Lafayette (Wildwood),64
2025-02-21,Mid-Buchanan,36,Lawson,31
2025-02-21,Kickapoo,92,Lebanon,57
2025-02-21,Liberty North,60,Lee's Summit North,57
2025-02-21,Kingston,39,Lesterville,52
2025-02-21,Lakeland,71,Liberal,65
2025-02-21,Oakville,59,Lindbergh,66
2025-02-21,Mark Twain,49,Louisiana,72
2025-02-21,MICDS,57,Lutheran South,46
2025-02-21,Monroe City,52,Macon,20
2025-02-21,Holcomb,23,Malden,70
2025-02-21,Fordland,59,Mansfield,66
2025-02-21,Meadville,68,Marceline,37
2025-02-21,Walnut Grove,61,Marion C. Early,49
2025-02-21,Logan-Rogersville,75,Marshfield,21
2025-02-21,Savannah,51,Maryville,59
2025-02-21,Marquette,51,McCluer North,54
2025-02-21,Seneca,67,McDonald County,59
2025-02-21,St. Pius X (Festus),67,McKinley Classical Leadership,70
2025-02-21,West Plains,68,Metro,52
2025-02-21,Osceola,63,Miami (Amoret),34
2025-02-21,Mexico,70,Moberly,37
2025-02-21,Clopton,38,Montgomery County,84
2025-02-21,Cassville,48,Nevada,67
2025-02-21,Oak Park,69,North Kansas City,55
2025-02-21,Braymer,51,North Platte,54
2025-02-21,Marion County,63,North Shelby,59
2025-02-21,DeLaSalle Charter (KC),68,Northeast (Kansas City),33
2025-02-21,Climax Springs,52,Northeast Vernon County,39
2025-02-21,Mercer,40,Northwestern (Mendon),60
2025-02-21,Pleasant Hill,57,Oak Grove,78
2025-02-21,Blair Oaks,43,Osage,52
2025-02-21,Union,49,Owensville,55
2025-02-21,Park Hill South,59,Park Hill,70
2025-02-21,Neosho,55,Parkview,64
2025-02-21,Central (Kansas City),70,Paseo Academy,40
2025-02-21,Albany,60,Pattonsburg,28
2025-02-21,Madison,35,Pilot Grove,76
2025-02-21,Iberia,57,Plato,64
2025-02-21,Raytown,77,Platte County,41
2025-02-21,Lathrop,46,Polo,59
2025-02-21,Puxico,57,Potosi,63
2025-02-21,Calvary Lutheran,39,Prairie Home,71
2025-02-21,John Burroughs,62,Principia,75
2025-02-21,Lee's Summit,49,Raymore-Peculiar,51
2025-02-21,Grandview,60,Raytown South,27
2025-02-21,Bloomfield,41,Richland (Essex),50
2025-02-21,Carrollton,25,Richmond,65
2025-02-21,Vienna,58,Sarcoxie,68
2025-02-21,Lincoln,35,Sacred Heart,43
2025-02-21,Mountain Grove,63,Salem,49
2025-02-21,Bradleyville,52,School of the Ozarks,71
2025-02-21,St. Clair,44,Seneca,78
2025-02-21,Parkway West,48,Seckman,64
2025-02-21,Risco,77,Senath-Hornersville,70
2025-02-21,Jackson,58,Sikeston,81
2025-02-21,Christian Brothers College,50,SLUH,73
2025-02-21,California,57,Savannah,61
2025-02-21,Kearney,59,Sparta,47
2025-02-21,Waynesville,70,Soldan International Studies,29
2025-02-21,Missouri Military Academy,67,Slater,62
2025-02-21,Brookfield,59,St. Elizabeth,58
2025-02-21,Higbee,48,South Shelby,60
2025-02-21,Boonville,50,Southern Boone,58
2025-02-21,Winfield,31,St. Charles West,50
2025-02-21,St. James,67,St. Clair,37
2025-02-21,Lutheran St. Charles,49,St. Dominic,59
2025-02-21,New Bloomfield,55,Van-Far,76
2025-02-21,East Buchanan,77,St. Joseph Christian,63
2025-02-21,Blue Springs,23,Staley,55
2025-02-21,Gallatin,62,Vienna,52
2025-02-21,Smithton,49,Willard,52
2025-02-21,Pacific,47,Webb City,43
2025-02-21,Pembroke Hill,51,Summit Christian Academy,69
2025-02-21,McAuley Catholic,40,Thomas Jefferson Independent Day,52
2025-02-21,Washington,56,Timberland,91
2025-02-21,Cameron,46,Trenton,41
2025-02-21,Liberty (Wentzville),71,Troy Buchanan,39
2025-02-21,Fort Osage,74,St. Charles,65
2025-02-21,Columbia Independent,46,Tuscumbia,56
2025-02-21,Guadalupe Centers Charter,29,Union Star,50
2025-02-21,Barstow,46,Versailles,61
2025-02-21,Wright City,41,Van-Far,78
2025-02-21,Duchesne,56,Veritas Christian Academy,45
2025-02-21,De Smet Jesuit,63,Vianney,45
2025-02-21,Marshall,67,Warrensburg,73
2025-02-21,St. Charles,67,Warrenton,53
2025-02-21,Sherwood,35,Warsaw,39
2025-02-21,Ozark,65,Webb City,54
2025-02-21,Lone Jack,49,Wellington-Napoleon,43
2025-02-21,North Nodaway,32,West Nodaway with Nodaway-Holt,60
2025-02-21,Penney,60,West Platte,58
2025-02-21,Priory,49,Whitfield,47
2025-02-21,Joplin,43,Willard,60
2025-02-21,Grain Valley,75,William Chrisman,49
2025-02-21,DeSoto,42,Windsor (Imperial),79
2025-02-21,Excelsior Springs,34,Winnetonka,86
2025-02-22,Central (Park Hills),51,Arcadia Valley,42
2025-02-22,Miami (Amoret),40,Archie,64
2025-02-22,Lutie,15,Bakersfield,78
2025-02-22,Pembroke Hill,73,Barstow,60
2025-02-22,Gloria Deo Academy,40,Blue Eye,49
2025-02-22,St. Clair,80,Bourbon,44
2025-02-22,Jefferson City,71,Camdenton,49
2025-02-22,Kirksville,57,Canton,59
2025-02-22,Knob Noster,55,Carrollton,40
2025-02-22,Delta,51,Chaffee,55
2025-02-22,Vienna,36,Crocker,58
2025-02-22,Pacific,68,Crystal City,29
2025-02-22,Festus,44,DeSoto,38
2025-02-22,Richland,30,Dixon,71
2025-02-22,Miller Career Academy,63,Father Tolton,68
2025-02-22,Macon County with Bucklin,22,Green City,85
2025-02-22,School of the Ozarks,38,Halfway,68
2025-02-22,Norwood,62,Harrisburg,56
2025-02-22,Sweet Springs,72,Holcomb,43
2025-02-22,Ft. Zumwalt South,47,Holt,63
2025-02-22,Parkway South,53,Kirkwood,63
2025-02-22,Richmond,73,Lafayette County,72
2025-02-22,Hollister,60,Lamar,76
2025-02-22,Newburg,74,Laquey,65
2025-02-22,St. Paul Lutheran (Farmington),33,Lesterville,99
2025-02-22,Thayer,64,Liberty (Mountain View),49
2025-02-22,Helias Catholic,73,McCluer,28
2025-02-22,Crane,57,New Covenant Academy,39
2025-02-22,Mark Twain,49,North Callaway,83
2025-02-22,St. Francis Borgia,72,Notre Dame (Cape Girardeau),71
2025-02-22,Rolla,56,Orchard Farm,58
2025-02-22,Eldon,45,Osage,62
2025-02-22,Kennett,48,Portageville,53
2025-02-22,Polo,75,Putnam County,83
2025-02-22,Woodland,77,Puxico,67
2025-02-22,SLUH,31,Rockhurst,54
2025-02-22,Otterville,45,Sacred Heart,61
2025-02-22,Mountain Grove,63,Salem,49
2025-02-22,Centralia,49,South Shelby,59
2025-02-22,Gainesville,53,Union,46
2025-02-22,Lift for Life Academy Charter,50,Webster Groves,80
2025-02-22,Bolivar,61,St. Michael the Archangel,70
2025-02-22,Scott County Central,52,St. Vincent,73
2025-02-22,Springfield Catholic,51,Winona,63
2025-02-22,Madison,32,Worth County,60
2025-02-22,Couch,69,Wright City,64
2025-02-22,Ellington,67,Valley,76
2025-02-22,University Academy Charter,38,Versailles,65
2025-02-22,Hickman,42,Waynesville,92
2025-02-22,Chaminade College Prep,71,Webster Groves,72
2025-02-22,Ste. Genevieve,74,West County,61
2025-02-22,Tuscumbia,82,Wheaton,49
2025-02-22,Hillsboro,66,Windsor (Imperial),69
2025-02-24,Cooter,77,Clarkton,65
2025-02-24,Gideon,83,North Pemiscot,40
2025-02-24,Sweet Springs,61,Delta (Deering),47
2025-02-24,Richland (Essex),106,Zalma,26
2025-02-24,Leopold,36,Scott County Central,39
2025-02-24,Delta,102,Marquand-Zion,54
2025-02-24,Bell City,79,Oak Ridge,48
2025-02-24,Couch,70,Koshkonong,55
2025-02-24,Eminence,81,St. Paul Lutheran (Farmington),28
2025-02-24,Lesterville,65,Naylor,43
2025-02-24,Hurley,81,Bradleyville,60
2025-02-24,Billings,66,Niangua,33
2025-02-24,School of the Ozarks,57,Lutie,31
2025-02-24,Walnut Grove,67,Golden City,50
2025-02-24,Lockwood,85,Everton,46
2025-02-24,Dadeville,71,Liberal,63
2025-02-24,Northeast Vernon County,67,Bronaugh,64
2025-02-24,Miami (Amoret),62,Hume,41
2025-02-24,Green Ridge,38,Leeton,52
2025-02-24,Kingsville,46,Chilhowee,19
2025-02-24,Otterville,58,La Monte,27
2025-02-24,Halfway,62,Macks Creek,28
2025-02-24,Westran,61,Climax Springs,51
2025-02-24,Wheatland,67,Fair Play,34
2025-02-24,Hermitage,57,Humansville,50
2025-02-24,Pilot Grove,59,Calvary Lutheran,47
2025-02-24,Prairie Home,71,Tuscumbia,59
2025-02-24,Chamois,41,Jamestown,51
2025-02-24,Wellsville-Middletown,59,Bevier,31
2025-02-24,Higbee,61,Madison,18
2025-02-24,Columbia Independent,57,Community,28
2025-02-24,Marion County,67,Brashear,46
2025-02-24,Atlanta,58,Macon County with Bucklin,32
2025-02-24,North Shelby,64,Novinger,26
2025-02-24,Meadville,94,Thayer,24
2025-02-24,Hardin-Central,51,Lutheran (Kansas City),60
2025-02-24,Braymer,106,Breckenridge,33
2025-02-24,Orrick,82,Norborne,26
2025-02-24,Linn County,43,Tri-County,57
2025-02-24,North Harrison,73,Mercer,54
2025-02-24,St. James,71,Pattonsburg,50
2025-02-24,King City,78,DeKalb,11
2025-02-24,North Andrew,59,Union Star,24
2025-02-24,Vienna,50,Mound City,47
2025-02-24,Jefferson (Conception) with South Nodaway,80,Northeast Nodaway,39
2025-02-24,Worth County,48,North Nodaway,33
2025-02-24,Senath-Hornersville,56,Neelyville,58
2025-02-24,Hayti,111,Holcomb,35
2025-02-24,Summersville,70,Malden,54
2025-02-24,East Carter,71,Alton,63
2025-02-24,Van Buren,65,Wright City,37
2025-02-24,Winona,63,Ellington,69
2025-02-24,Bloomfield,42,Chaffee,53
2025-02-24,Charleston,83,Advance,47
2025-02-24,Bernie,42,Oran,47
2025-02-24,Brentwood,56,Bismarck,38
2025-02-24,Meadow Heights,72,Crystal City,40
2025-02-24,Van-Far,62,South Pemiscot,24
2025-02-24,Veritas Christian Academy,52,New Haven,43
2025-02-24,Senath-Hornersville,69,Milan,30
2025-02-24,Schuyler County,67,Knox County,41
2025-02-24,Putnam County,70,La Plata,40
2025-02-24,Schuyler County,62,Worth County,54
2025-02-24,Westran,57,Fayette,49
2025-02-24,Glasgow,69,Marceline,51
2025-02-24,Northwest (Hughesville),57,Tipton,58
2025-02-24,Smithton,90,Sweet Springs,56
2025-02-24,Plato,45,Vienna,36
2025-02-24,Crocker,84,Richland,40
2025-02-24,Sarcoxie,70,Newburg,51
2025-02-24,Mansfield,67,Gainesville,45
2025-02-24,Hartville,71,Dora,24
2025-02-24,Bakersfield,74,Fordland,44
2025-02-24,Galena,74,Exeter,38
2025-02-24,Blue Eye,80,Verona,20
2025-02-24,Purdy,75,Wheaton,42
2025-02-24,Thomas Jefferson Independent Day,59,Marion C. Early,50
2025-02-24,New Covenant Academy,72,Jasper,60
2025-02-24,Gloria Deo Academy,50,Greenfield,45
2025-02-24,Weaubleau,69,Lakeland,61
2025-02-24,Osceola,62,Appleton City,53
2025-02-24,Archie,46,Midway,42
2025-02-24,St. Paul Lutheran (Concordia),67,DeLaSalle Charter (KC),46
2025-02-24,Concordia,59,Frontier School of Excellence Charter,41
2025-02-24,Plattsburg,47,Wellington-Napoleon,52
2025-02-24,Penney,71,Scott County Central,35
2025-02-24,Polo,69,Northland Christian,55
2025-02-24,Maysville,73,Tarkio with Fairfax,56
2025-02-24,Gallatin,64,Albany,40
2025-02-24,West Nodaway with Nodaway-Holt,62,St. Joseph Christian,50
2025-02-24,Central (New Madrid County),67,Kelly,80
2025-02-24,St. Clair,65,Portageville,52
2025-02-24,Greenville,58,Saxony Lutheran,48
2025-02-24,Arcadia Valley,79,Clearwater,48
2025-02-24,Kingston,62,Grandview (Hillsboro),36
2025-02-24,Valle Catholic,72,St. Pius X (Festus),49
2025-02-24,McKinley Classical Leadership,71,Hancock,37
2025-02-24,Bishop DuBourg,48,Metro,35
2025-02-24,Valley Park,72,Elsberry,61
2025-02-24,Bowling Green,62,Duchesne,44
2025-02-24,Whitfield,48,Priory,38
2025-02-24,Clark County,37,Macon,31
2025-02-24,Palmyra,71,Mark Twain,14
2025-02-24,South Shelby,60,Highland,43
2025-02-24,North Callaway,68,Missouri Military Academy,49
2025-02-24,Hermann,78,Linn,28
2025-02-24,Slater,70,New Bloomfield,52
2025-02-24,Warsaw,72,Iberia,46
2025-02-24,Fatima,71,Bourbon,24
2025-02-24,Belle,64,Laquey,39
2025-02-24,Clever,50,Union,42
2025-02-24,Fair Grove,94,Spokane,35
2025-02-24,Smithville,71,Conway,41
2025-02-24,Licking,64,Houston,54
2025-02-24,Liberty (Mountain View),49,Cabool,24
2025-02-24,South Shelby,61,Ash Grove,43
2025-02-24,Wellsville-Middletown,53,Butler,44
2025-02-24,Adrian,55,El Dorado Springs,44
2025-02-24,Pierce City,50,Marionville,46
2025-02-24,Miller,53,Sarcoxie,42
2025-02-24,Diamond,69,Tuscumbia,43
2025-02-24,Lone Jack,56,Willard,60
2025-02-24,Sherwood,44,Cole Camp,47
2025-02-24,Windsor,54,Holden,44
2025-02-24,University Academy Charter,46,Hogan Prep Academy Charter,45
2025-02-24,Lafayette County,1,Crossroads Prep Charter,0
2025-02-24,North Platte,66,West Platte,53
2025-02-24,Mid-Buchanan,61,Lathrop,41
2025-02-24,Carrollton,47,Brookfield,54
2025-02-24,Trenton,76,St. Elizabeth,61
2025-02-24,California,56,Blair Oaks,64
2025-02-24,Sikeston,84,Campbell,66
2025-02-24,Jennings,51,Cardinal Ritter,77
2025-02-24,Rockhurst,67,Center,39
2025-02-24,Hallsville,65,Father Tolton,64
2025-02-24,North County,66,Festus,74
2025-02-24,Washington,36,Ft. Zumwalt South,51
2025-02-24,Francis Howell Central,66,Ft. Zumwalt West,56
2025-02-24,Roosevelt,81,Gateway Science Charter,68
2025-02-24,Winnetonka,49,Grandview,62
2025-02-24,Jennings,37,Hazelwood Central,78
2025-02-24,St. Charles West,58,Hillsboro,54
2025-02-24,Chillicothe,41,Kirksville,45
2025-02-24,Parkway South,49,Lindbergh,51
2025-02-24,Ft. Zumwalt North,43,Mehlville,65
2025-02-24,Fulton,38,Mexico,66
2025-02-24,Clayton,60,Normandy Collaborative,138
2025-02-24,Parkway South,69,North Point,38
2025-02-24,Knob Noster,51,Oak Grove,54
2025-02-24,Pattonville,45,Oakville,50
2025-02-24,Southern Boone,70,Odessa,46
2025-02-24,Boonville,53,Osage,68
2025-02-24,Hazelwood West,52,Parkway North,62
2025-02-24,Southeast,38,Pembroke Hill,63
2025-02-24,St. Charles,53,Raytown,67
2025-02-24,Ava,49,Reeds Spring,44
2025-02-24,Pleasant Hill,65,Richmond,92
2025-02-24,St. Francis Borgia,59,Rolla,74
2025-02-24,Fort Osage,82,Ruskin,78
2025-02-24,Lafayette (St. Joseph),72,Savannah,43
2025-02-24,Northwest (Cedar Hill),52,Seckman,63
2025-02-24,John Burroughs,76,Vianney,56
2025-02-24,Neosho,53,Webb City,71
2025-02-24,Warrenton,47,Winfield,33
2025-02-24,Risco,77,Woodland,67
2025-02-25,Aurora,76,Ava,47
2025-02-25,Jefferson City,83,Battle,82
2025-02-25,Rock Bridge,65,Blair Oaks,62
2025-02-25,Logan-Rogersville,74,Bolivar,50
2025-02-25,Osage,51,Camdenton,53
2025-02-25,Chillicothe,59,Cameron,24
2025-02-25,Savannah,49,Capital City,48
2025-02-25,Jennings,51,Cardinal Ritter,77
2025-02-25,Lebanon,51,Carthage,72
2025-02-25,Neosho,88,Cassville,56
2025-02-25,Northeast (Kansas City),21,Central (Kansas City),69
2025-02-25,Waynesville,72,Chaminade College Prep,51
2025-02-25,Warrensburg,48,Clinton,71
2025-02-25,Herculaneum,31,Cuba,68
2025-02-25,Farmington,68,DeSoto,38
2025-02-25,Mountain Grove,74,Doniphan,55
2025-02-25,Kirkwood,53,Eureka,47
2025-02-25,Fox,31,Festus,85
2025-02-25,Raytown,70,Fort Osage,59
2025-02-25,Lafayette (Wildwood),40,Francis Howell Central,46
2025-02-25,Timberland,74,Francis Howell North,61
2025-02-25,Ft. Zumwalt South,43,Ft. Zumwalt North,58
2025-02-25,Moberly,43,Fulton,47
2025-02-25,Kearney,50,Grandview,53
2025-02-25,Centralia,53,Hallsville,87
2025-02-25,West Plains,58,Hillcrest,73
2025-02-25,East Newton,62,Hollister,48
2025-02-25,Warrenton,39,Holt,50
2025-02-25,Seckman,66,Jackson,57
2025-02-25,Parkview,64,Joplin,54
2025-02-25,Central (Cape Girardeau),50,Kennett,41
2025-02-25,Glendale,51,Kickapoo,65
2025-02-25,Blue Springs,57,Lee's Summit,51
2025-02-25,Staley,56,Lee's Summit West,37
2025-02-25,Park Hill,82,Liberty,57
2025-02-25,Blue Springs South,62,Liberty North,66
2025-02-25,Parkway South,49,Lindbergh,51
2025-02-25,Ladue Horton Watkins,74,Lutheran St. Charles,55
2025-02-25,Oakville,43,Marquette,68
2025-02-25,Kirksville,54,Marshall,59
2025-02-25,Carl Junction,79,Marshfield,51
2025-02-25,McCluer North,84,McCluer,47
2025-02-25,Nevada,78,McDonald County,60
2025-02-25,Hannibal,33,Mexico,65
2025-02-25,SLUH,54,MICDS,53
2025-02-25,Buffalo,47,Mt. Vernon,69
2025-02-25,Ozark,48,Nixa,63
2025-02-25,Central (St. Joseph),42,North Kansas City,53
2025-02-25,Dexter,43,Notre Dame (Cape Girardeau),67
2025-02-25,Park Hill South,58,Oak Park,98
2025-02-25,Ft. Zumwalt East,37,Orchard Farm,63
2025-02-25,Webb City,40,Owensville,59
2025-02-25,Lutheran North,44,Parkway North,57
2025-02-25,Ritenour,52,Pattonville,57
2025-02-25,Hillsboro,76,Perryville,56
2025-02-25,William Chrisman,45,Platte County,72
2025-02-25,Harrisonville,75,Pleasant Hill,71
2025-02-25,Lee's Summit North,68,Raymore-Peculiar,63
2025-02-25,Monett,55,Reeds Spring,53
2025-02-25,Willard,52,Republic,76
2025-02-25,Lafayette (St. Joseph),63,Richmond,69
2025-02-25,Parkway West,60,Rockwood Summit,58
2025-02-25,Union,43,Rolla,75
2025-02-25,Belton,72,Ruskin,68
2025-02-25,Excelsior Springs,45,Sparta,70
2025-02-25,Eldon,37,Southern Boone,68
2025-02-25,Parkway Central,56,St. Charles West,43
2025-02-25,Salem,59,St. Clair,52
2025-02-25,De Smet Jesuit,69,Webster Groves,76
2025-02-25,Pacific,39,Ste. Genevieve,38
2025-02-25,Roosevelt,42,STEAM Academy,52
2025-02-25,Seneca,33,Winona,66
2025-02-25,Grain Valley,73,St. Charles,51
2025-02-25,Central (Springfield),65,Waynesville,34
2025-02-25,Christian Brothers College,56,Westminster Christian Academy,71
2025-02-25,Mehlville,54,Windsor (Imperial),74
2025-02-25,Raytown South,36,Winnetonka,66
2025-02-26,Risco,79,Cooter,63
2025-02-26,Gideon,61,Sweet Springs,75
2025-02-26,Richland (Essex),70,Scott County Central,41
2025-02-26,Delta,54,Bell City,47
2025-02-26,Bunker,72,Couch,49
2025-02-26,Eminence,61,Lesterville,41
2025-02-26,Chadwick,57,Hurley,25
2025-02-26,Billings,59,School of the Ozarks,39
2025-02-26,McAuley Catholic,38,Walnut Grove,33
2025-02-26,Lockwood,73,Dadeville,65
2025-02-26,Drexel,58,Northeast Vernon County,38
2025-02-26,Miami (Amoret),44,South Callaway,46
2025-02-26,Sacred Heart,68,Leeton,60
2025-02-26,Kingsville,63,Otterville,49
2025-02-26,Halfway,78,Westran,62
2025-02-26,Wheatland,61,Hermitage,43
2025-02-26,Van-Far,77,Pilot Grove,64
2025-02-26,Prairie Home,71,Jamestown,51
2025-02-26,Northeast (Cairo),77,Wellsville-Middletown,42
2025-02-26,Higbee,58,Columbia Independent,40
2025-02-26,Green City,58,Marion County,52
2025-02-26,Atlanta,72,North Shelby,64
2025-02-26,Faith Christian Academy,68,Lutheran (Kansas City),57
2025-02-26,Braymer,65,Orrick,50
2025-02-26,Grundy County with Newtown-Harris,53,North Harrison,48
2025-02-26,King City,51,North Andrew,59
2025-02-26,Rock Port,61,Vienna,31
2025-02-26,Jefferson (Conception) with South Nodaway,60,Worth County,40
2025-02-26,Campbell,45,Neelyville,57
2025-02-26,Hayti,81,Summersville,69
2025-02-26,Stanberry,57,East Carter,48
2025-02-26,Van Buren,91,Ellington,70
2025-02-26,Puxico,67,Chaffee,37
2025-02-26,Charleston,74,Oran,52
2025-02-26,Valley,64,Brentwood,52
2025-02-26,St. Vincent,71,Meadow Heights,76
2025-02-26,Van-Far,73,Veritas Christian Academy,51
2025-02-26,Canton,67,Senath-Hornersville,59
2025-02-26,Schuyler County,60,Putnam County,51
2025-02-26,Harrisburg,67,Schuyler County,54
2025-02-26,Westran,58,Glasgow,47
2025-02-26,Salem,64,Tipton,47
2025-02-26,New Franklin,59,Smithton,61
2025-02-26,Eugene,68,Plato,39
2025-02-26,Crocker,79,Sarcoxie,60
2025-02-26,Norwood,58,Mansfield,34
2025-02-26,Hartville,60,Bakersfield,31
2025-02-26,Crane,55,Galena,32
2025-02-26,Blue Eye,62,Purdy,52
2025-02-26,Pleasant Hope,57,Thomas Jefferson Independent Day,47
2025-02-26,New Covenant Academy,67,Gloria Deo Academy,62
2025-02-26,Lincoln,53,Weaubleau,43
2025-02-26,Rich Hill,55,Osceola,30
2025-02-26,Crest Ridge,58,Archie,41
2025-02-26,St. Paul Lutheran (Concordia),70,Concordia,51
2025-02-26,Stewartsville with Osborn,55,Wellington-Napoleon,47
2025-02-26,Penney,61,Polo,46
2025-02-26,Princeton,65,Maysville,51
2025-02-26,Gallatin,69,West Nodaway with Nodaway-Holt,46
2025-02-26,Caruthersville,83,Kelly,71
2025-02-26,East Prairie,82,St. Clair,46
2025-02-26,Woodland,74,Greenville,50
2025-02-26,Seneca,63,Arcadia Valley,24
2025-02-26,Jefferson (Festus),61,Kingston,55
2025-02-26,West County,38,Valle Catholic,59
2025-02-26,West Plains,52,McKinley Classical Leadership,67
2025-02-26,Soldan International Studies,66,Bishop DuBourg,23
2025-02-26,Principia,84,Valley Park,45
2025-02-26,Bowling Green,61,Whitfield,65
2025-02-26,Monroe City,55,Clark County,41
2025-02-26,Palmyra,53,South Shelby,37
2025-02-26,Montgomery County,82,North Callaway,35
2025-02-26,Hermann,64,Slater,45
2025-02-26,Dixon,58,Warsaw,64
2025-02-26,Fatima,44,Belle,34
2025-02-26,Greenwood,55,Clever,49
2025-02-26,Fair Grove,79,Smithville,51
2025-02-26,Thayer,57,Licking,50
2025-02-26,Willow Springs,60,Liberty (Mountain View),64
2025-02-26,Lamar,59,South Shelby,55
2025-02-26,Wellsville-Middletown,68,Adrian,60
2025-02-26,New Heights Christian,55,Pierce City,46
2025-02-26,Miller,50,Diamond,59
2025-02-26,Warsaw,62,Willard,47
2025-02-26,Windsor,54,Cole Camp,42
2025-02-26,KIPP KC Legacy,79,University Academy Charter,41
2025-02-26,Ewing Marion Kauffman,62,Lafayette County,48
2025-02-26,East Buchanan,56,North Platte,50
2025-02-26,Bishop LeBlond,73,Mid-Buchanan,74
2025-02-26,Lexington,74,Brookfield,52
2025-02-26,Lawson,49,Trenton,45
2025-02-26,Rock Bridge,73,Boonville,55
2025-02-26,Roosevelt,36,Confluence Prep Academy Charter,82
2025-02-26,Parkway North,62,Ft. Zumwalt East,53
2025-02-26,Ruskin,45,Grain Valley,65
2025-02-26,Hazelwood West,51,Hazelwood East,86
2025-02-26,Hazelwood Central,87,McCluer,30
2025-02-26,Westminster Christian Academy,56,MICDS,57
2025-02-26,St. Clair,39,Northwest (Cedar Hill),33
2025-02-26,Farmington,63,Notre Dame (Cape Girardeau),53
2025-02-26,Excelsior Springs,56,Oak Grove,62
2025-02-26,St. Dominic,59,Orchard Farm,44
2025-02-26,Herculaneum,35,Pacific,39
2025-02-26,Troy Buchanan,48,Parkway Central,63
2025-02-26,Benton,68,Pembroke Hill,65
2025-02-26,Sparta,75,Raytown South,61
2025-02-26,St. Michael the Archangel,40,Rockhurst,63
2025-02-26,Webster Groves,65,SLUH,44
2025-02-26,North Kansas City,50,Staley,56
2025-02-26,Joplin,45,Winona,55
2025-02-26,New Bloomfield,86,Tuscumbia,65
2025-02-26,Clayton,70,University City,62
2025-02-26,Gateway Science Charter,46,Winfield,58
2025-02-27,East Newton,58,Aurora,72
2025-02-27,Marshfield,46,Ava,59
2025-02-27,Summit Christian Academy,73,Benton,76
2025-02-27,Southern Boone,52,Blair Oaks,60
2025-02-27,Bolivar,70,Branson,72
2025-02-27,Camdenton,44,California,53
2025-02-27,Willard,50,Carthage,55
2025-02-27,McDonald County,70,Cassville,78
2025-02-27,Kennett,49,Doniphan,68
2025-02-27,Platte County,58,Fort Osage,63
2025-02-27,St. Charles,44,Ft. Zumwalt South,47
2025-02-27,North Point,61,Ft. Zumwalt West,58
2025-02-27,Eldon,60,Fulton,58
2025-02-27,Barstow,61,Glendale,76
2025-02-27,Osage,83,Hallsville,70
2025-02-27,Marshall,42,Hannibal,26
2025-02-27,Clinton,45,Harrisonville,47
2025-02-27,Jennings,37,Hazelwood Central,70
2025-02-27,Forsyth,50,Hillcrest,83
2025-02-27,Versailles,56,Lafayette (St. Joseph),63
2025-02-27,Paseo Academy,35,Lincoln College Prep,61
2025-02-27,John Burroughs,71,Lindbergh,56
2025-02-27,Chillicothe,51,Maryville,57
2025-02-27,Springfield Catholic,81,Mountain Grove,75
2025-02-27,Nevada,42,Mt. Vernon,45
2025-02-27,Richmond,73,Odessa,65
2025-02-27,St. Charles West,53,Parkway North,64
2025-02-27,Maplewood-Richmond Hts.,49,Parkway South,50
2025-02-27,Eureka,54,Parkway West,45
2025-02-27,Kirkwood,50,Pattonville,46
2025-02-27,Lutheran St. Charles,49,Poplar Bluff,71
2025-02-27,DeSoto,50,Potosi,65
2025-02-27,Rockwood Summit,46,Seckman,69
2025-02-27,Father Tolton,58,Sikeston,70
2025-02-27,Perryville,55,Ste. Genevieve,85
2025-02-27,Farmington,56,Union,42
2025-02-27,Gateway,54,University City,75
2025-02-27,Boonville,62,Versailles,59
2025-02-27,Center,47,Warrensburg,35
2025-02-27,Knob Noster,43,Warrensburg,45
2025-02-27,Timberland,71,Washington,42
2025-02-27,Fox,37,Windsor (Imperial),54
2025-02-27,Kearney,62,Winnetonka,83
2025-02-28,Risco,79,Sweet Springs,40
2025-02-28,Richland (Essex),80,Delta,67
2025-02-28,Bunker,35,Eminence,39
2025-02-28,Chadwick,55,Billings,21
2025-02-28,McAuley Catholic,39,Lockwood,32
2025-02-28,Drexel,58,South Callaway,35
2025-02-28,Sacred Heart,35,Kingsville,38
2025-02-28,Halfway,35,Wheatland,47
2025-02-28,Van-Far,83,Prairie Home,64
2025-02-28,Northeast (Cairo),68,Higbee,51
2025-02-28,Green City,74,Atlanta,58
2025-02-28,Faith Christian Academy,66,Braymer,69
2025-02-28,North Andrew,58,St. James,55
2025-02-28,Rock Port,56,Jefferson (Conception) with South Nodaway,40
2025-02-28,Hayti,58,Neelyville,56
2025-02-28,Stanberry,63,Van Buren,47
2025-02-28,Puxico,67,Charleston,42
2025-02-28,Valley,55,Meadow Heights,43
2025-02-28,Clopton,55,Van-Far,52
2025-02-28,Canton,63,Schuyler County,45
2025-02-28,Harrisburg,54,Westran,40
2025-02-28,Salem,83,Smithton,44
2025-02-28,Eugene,69,Crocker,35
2025-02-28,Norwood,48,Hartville,50
2025-02-28,Crane,44,Blue Eye,47
2025-02-28,Pleasant Hope,73,New Covenant Academy,60
2025-02-28,Lincoln,56,Rich Hill,43
2025-02-28,Crest Ridge,50,St. Paul Lutheran (Concordia),57
2025-02-28,Stewartsville with Osborn,55,Penney,51
2025-02-28,Princeton,39,Gallatin,56
2025-02-28,Caruthersville,72,East Prairie,80
2025-02-28,Woodland,50,Seneca,49
2025-02-28,Jefferson (Festus),74,Valle Catholic,64
2025-02-28,Soldan International Studies,53,McKinley Classical Leadership,51
2025-02-28,Principia,82,Whitfield,45
2025-02-28,Monroe City,33,Palmyra,36
2025-02-28,Montgomery County,58,Hermann,41
2025-02-28,Fatima,46,Warsaw,56
2025-02-28,Greenwood,47,Fair Grove,65
2025-02-28,Thayer,44,Liberty (Mountain View),34
2025-02-28,Lamar,41,Wellsville-Middletown,38
2025-02-28,New Heights Christian,63,Diamond,52
2025-02-28,Warsaw,64,Windsor,51
2025-02-28,KIPP KC Legacy,51,Ewing Marion Kauffman,49
2025-02-28,East Buchanan,73,Mid-Buchanan,66
2025-02-28,Lexington,37,Lawson,35
2025-02-28,Camdenton,48,Battle,80
2025-02-28,Lee's Summit North,75,Blue Springs,63
2025-02-28,Raymore-Peculiar,40,Blue Springs South,65
2025-02-28,Reeds Spring,50,Buffalo,56
2025-02-28,Excelsior Springs,44,Cameron,55
2025-02-28,Kickapoo,53,Central (Springfield),46
2025-02-28,St. Dominic,30,Eureka,46
2025-02-28,Francis Howell North,57,Francis Howell Central,63
2025-02-28,Liberty (Wentzville),58,Ft. Zumwalt North,51
2025-02-28,Mehlville,44,Ft. Zumwalt South,48
2025-02-28,Sparta,45,Grandview,55
2025-02-28,Rockwood Summit,55,Hazelwood West,46
2025-02-28,Rock Bridge,66,Helias Catholic,73
2025-02-28,Fredericktown,73,Herculaneum,35
2025-02-28,North County,52,Hillsboro,71
2025-02-28,Troy Buchanan,46,Jefferson City,72
2025-02-28,Clayton,54,Ladue Horton Watkins,63
2025-02-28,Oakville,63,Lafayette (Wildwood),69
2025-02-28,Glendale,75,Lebanon,59
2025-02-28,Liberty North,58,Lee's Summit West,62
2025-02-28,Oak Park,77,Liberty,32
2025-02-28,Hillcrest,58,Logan-Rogersville,72
2025-02-28,Carl Junction,89,McDonald County,50
2025-02-28,Nixa,76,Neosho,63
2025-02-28,Winfield,17,Orchard Farm,56
2025-02-28,Waynesville,41,Ozark,56
2025-02-28,Central (St. Joseph),44,Park Hill,71
2025-02-28,Republic,49,Parkview,45
2025-02-28,East (Kansas City),67,Paseo Academy,51
2025-02-28,Windsor (Imperial),98,Perryville,87
2025-02-28,Dexter,57,Poplar Bluff,64
2025-02-28,Grain Valley,74,Raytown,53
2025-02-28,Warrenton,45,St. Charles,69
2025-02-28,Lee's Summit,49,Staley,63
2025-02-28,Hazelwood East,104,Timberland,106
2025-02-28,Belton,75,St. Charles,69
2025-02-28,Lutheran North,43,Vianney,85
2025-02-28,Knob Noster,43,Warrensburg,45
2025-02-28,Joplin,55,Webb City,69
2025-02-28,Marquette,60,Webster Groves,74
2025-02-28,St. Francis Borgia,33,Westminster Christian Academy,57
2025-02-28,Ruskin,84,William Chrisman,54
2025-03-03,Richland (Essex),59,Risco,74
2025-03-03,Chadwick,52,Eminence,41
2025-03-03,Drexel,32,McAuley Catholic,40
2025-03-03,Wheatland,41,Kingsville,38
2025-03-03,Northeast (Cairo),48,Van-Far,54
2025-03-03,Brunswick,61,Green City,71
2025-03-03,Grundy County with Newtown-Harris,50,Braymer,55
2025-03-03,Rock Port,85,North Andrew,71
2025-03-03,Stanberry,60,Hayti,57
2025-03-03,Valley,40,Puxico,74
2025-03-03,Canton,69,Clopton,37
2025-03-03,Salem,44,Harrisburg,78
2025-03-03,Hartville,49,Eugene,58
2025-03-03,Pleasant Hope,30,Blue Eye,59
2025-03-03,St. Paul Lutheran (Concordia),46,Lincoln,47
2025-03-03,Gallatin,55,Stewartsville with Osborn,53
2025-03-03,Woodland,82,East Prairie,67
2025-03-03,Soldan International Studies,53,Jefferson (Festus),69
2025-03-03,Palmyra,35,Principia,67
2025-03-03,Warsaw,33,Montgomery County,62
2025-03-03,Thayer,70,Fair Grove,61
2025-03-03,New Heights Christian,60,Lamar,70
2025-03-03,KIPP KC Legacy,64,Warsaw,20
2025-03-03,Lexington,56,East Buchanan,73
2025-03-03,Fredericktown,65,Doniphan,52
2025-03-03,Kennett,78,Perryville,65
2025-03-03,Bayless,45,Herculaneum,39
2025-03-03,Ste. Genevieve,1,Affton,0
2025-03-03,Salem,62,St. Clair,41
2025-03-03,St. James,60,Webb City,40
2025-03-03,Roosevelt,56,Gateway Science Charter,54
2025-03-03,Lift for Life Academy Charter,78,KIPP St. Louis Sr.,59
2025-03-03,Confluence Prep Academy Charter,1,Kairos Charter,0
2025-03-03,Normandy Collaborative,52,Jennings,75
2025-03-03,Lutheran North,82,STEAM Academy,28
2025-03-03,St. Charles West,73,Wright City,52
2025-03-03,Lutheran St. Charles,65,Winfield,53
2025-03-03,Moberly,59,Centralia,67
2025-03-03,Kirksville,43,Fulton,41
2025-03-03,Boonville,52,California,42
2025-03-03,Southern Boone,80,Versailles,61
2025-03-03,Springfield Catholic,54,Buffalo,48
2025-03-03,Osage,65,Eldon,47
2025-03-03,Ava,59,Reeds Spring,39
2025-03-03,Mountain Grove,73,Hollister,67
2025-03-03,Seneca,45,Monett,55
2025-03-03,East Newton,47,Cassville,53
2025-03-03,Barstow,62,Pleasant Hill,59
2025-03-03,Clinton,75,Knob Noster,55
2025-03-03,Oak Grove,59,Odessa,58
2025-03-03,Marshall,66,Southeast,49
2025-03-03,Guadalupe Centers Charter,14,Northeast (Kansas City),67
2025-03-03,Central (Kansas City),93,Excelsior Springs,26
2025-03-03,Maryville,42,Savannah,37
2025-03-03,Lafayette (St. Joseph),74,Cameron,45
2025-03-05,Notre Dame (Cape Girardeau),54,Fredericktown,47
2025-03-05,Dexter,63,Kennett,49
2025-03-05,Potosi,60,Bayless,58
2025-03-05,Central (Park Hills),44,Ste. Genevieve,60
2025-03-05,Cuba,49,Salem,58
2025-03-05,Owensville,51,St. James,45
2025-03-05,Clayton,80,Roosevelt,35
2025-03-05,Maplewood-Richmond Hts.,67,Gateway,76
2025-03-05,Waynesville,90,Lift for Life Academy Charter,44
2025-03-05,Miller Career Academy,92,Confluence Prep Academy Charter,87
2025-03-05,MICDS,72,Jennings,65
2025-03-05,University City,62,Lutheran North,49
2025-03-05,Orchard Farm,59,St. Charles West,46
2025-03-05,St. Charles,56,Lutheran St. Charles,61
2025-03-05,Mexico,72,Centralia,42
2025-03-05,Hallsville,66,Kirksville,60
2025-03-05,Father Tolton,73,Boonville,34
2025-03-05,Blair Oaks,55,Southern Boone,52
2025-03-05,Bolivar,61,Springfield Catholic,52
2025-03-05,Winona,46,Osage,44
2025-03-05,Logan-Rogersville,72,Ava,39
2025-03-05,Forsyth,70,Mountain Grove,53
2025-03-05,Aurora,73,Monett,49
2025-03-05,Mt. Vernon,72,Cassville,59
2025-03-05,Nevada,43,Barstow,32
2025-03-05,Harrisonville,40,Clinton,60
2025-03-05,Center,42,Oak Grove,28
2025-03-05,Paseo Academy,44,Marshall,64
2025-03-05,Richmond,72,Northeast (Kansas City),34
2025-03-05,St. Pius X (Kansas City),52,Central (Kansas City),49
2025-03-05,Farmington,66,DeSoto,34
2025-03-05,Hillsboro,75,Poplar Bluff,69
2025-03-05,Sikeston,113,North County,64
2025-03-05,Central (Cape Girardeau),48,Festus,39
2025-03-05,Webster Groves,80,Pacific,47
2025-03-05,Lutheran South,68,Washington,57
2025-03-05,Vianney,88,Rockwood Summit,50
2025-03-05,Webster Groves,88,Windsor (Imperial),61
2025-03-05,John Burroughs,59,Parkway Central,35
2025-03-05,Hazelwood East,74,Parkway North,57
2025-03-05,Westminster Christian Academy,64,Riverview Gardens,29
2025-03-05,Ladue Horton Watkins,63,Parkway West,54
2025-03-05,Holt,65,McCluer,43
2025-03-05,Warrenton,56,North Point,71
2025-03-05,McCluer North,55,Hannibal,22
2025-03-05,Ft. Zumwalt South,61,Ft. Zumwalt East,32
2025-03-05,Rolla,85,Marshfield,33
2025-03-05,St. Francis Borgia,72,Camdenton,53
2025-03-05,Jefferson City,73,Union,53
2025-03-05,Helias Catholic,78,Capital City,50
2025-03-05,Central (Springfield),89,McDonald County,34
2025-03-05,Webb City,63,Hillcrest,58
2025-03-05,Parkview,66,West Plains,54
2025-03-05,Carl Junction,85,Willard,68
2025-03-05,Raytown,67,Warrensburg,29
2025-03-05,St. Michael the Archangel,70,Belton,60
2025-03-05,Summit Christian Academy,76,Ruskin,55
2025-03-05,Grandview,48,Raytown South,33
2025-03-05,Winnetonka,102,Sparta,55
2025-03-05,Lincoln College Prep,48,Versailles,46
2025-03-05,Kearney,74,East (Kansas City),36
2025-03-05,Pembroke Hill,67,Platte County,53
2025-03-05,Lindbergh,78,Fox,33
2025-03-05,Cardinal Ritter,47,SLUH,55
2025-03-05,Seckman,59,Mehlville,53
2025-03-05,Jackson,58,Oakville,39
2025-03-05,Marquette,67,Waynesville,36
2025-03-05,Eureka,60,Parkway South,41
2025-03-05,Lafayette (Wildwood),84,Northwest (Cedar Hill),43
2025-03-05,Kirkwood,55,Lebanon,49
2025-03-05,De Smet Jesuit,79,Francis Howell North,32
2025-03-05,Hazelwood Central,56,Pattonville,44
2025-03-05,Chaminade College Prep,96,Hazelwood West,41
2025-03-05,Christian Brothers College,63,Ritenour,51
2025-03-05,Timberland,81,Troy Buchanan,46
2025-03-05,St. Dominic,47,Francis Howell,33
2025-03-05,Liberty (Wentzville),49,Ft. Zumwalt West,40
2025-03-05,Ft. Zumwalt North,71,Francis Howell Central,42
2025-03-05,Nixa,71,Neosho,37
2025-03-05,Glendale,74,Branson,55
2025-03-05,Kickapoo,59,Joplin,43
2025-03-05,Republic,58,Ozark,25
2025-03-05,Rockhurst,76,William Chrisman,34
2025-03-05,Carthage,49,Lee's Summit West,71
2025-03-05,Lee's Summit North,59,St. Charles,64
2025-03-05,Lee's Summit,56,Raymore-Peculiar,62
2025-03-05,Battle,95,Fort Osage,67
2025-03-05,Hickman,57,Blue Springs,47
2025-03-05,Blue Springs South,69,Savannah,44
2025-03-05,Rock Bridge,78,Grain Valley,77
2025-03-05,Oak Park,96,Central (St. Joseph),53
2025-03-05,Park Hill,60,Liberty,50
2025-03-05,North Kansas City,59,Park Hill South,45
2025-03-05,Staley,76,Liberty North,44
2025-03-06,Benton,72,Maryville,33
2025-03-06,Chillicothe,43,Lafayette (St. Joseph),66
2025-03-07,Chadwick,64,Risco,60
2025-03-07,Wheatland,53,McAuley Catholic,26
2025-03-07,Green City,66,Van-Far,68
2025-03-07,Rock Port,52,Braymer,54
2025-03-07,Puxico,61,Stanberry,43
2025-03-07,Harrisburg,60,Canton,65
2025-03-07,Blue Eye,31,Eugene,81
2025-03-07,Gallatin,40,Lincoln,48
2025-03-07,Jefferson (Festus),51,Woodland,72
2025-03-07,Montgomery County,55,Principia,77
2025-03-07,Lamar,39,Thayer,67
2025-03-07,East Buchanan,37,KIPP KC Legacy,53
2025-03-07,Notre Dame (Cape Girardeau),35,Dexter,37
2025-03-07,Potosi,58,Ste. Genevieve,50
2025-03-07,Owensville,42,Salem,41
2025-03-07,Clayton,71,Gateway,58
2025-03-07,Waynesville,83,Miller Career Academy,45
2025-03-07,MICDS,51,University City,34
2025-03-07,Orchard Farm,83,Lutheran St. Charles,55
2025-03-07,Mexico,82,Hallsville,61
2025-03-07,Father Tolton,51,Blair Oaks,40
2025-03-07,Bolivar,52,Winona,57
2025-03-07,Logan-Rogersville,71,Forsyth,34
2025-03-07,Aurora,70,Mt. Vernon,29
2025-03-07,Nevada,49,Clinton,38
2025-03-07,Center,64,Marshall,38
2025-03-07,Richmond,47,St. Pius X (Kansas City),76
2025-03-07,Benton,65,Lafayette (St. Joseph),48
2025-03-07,Farmington,62,Hillsboro,49
2025-03-07,Sikeston,84,Central (Cape Girardeau),37
2025-03-07,Webster Groves,61,Lutheran South,48
2025-03-07,Vianney,74,Webster Groves,70
2025-03-07,John Burroughs,64,Hazelwood East,55
2025-03-07,Westminster Christian Academy,60,Ladue Horton Watkins,54
2025-03-07,Holt,48,North Point,45
2025-03-07,McCluer North,70,Ft. Zumwalt South,47
2025-03-07,Rolla,71,St. Francis Borgia,48
2025-03-07,Jefferson City,43,Helias Catholic,56
2025-03-07,Central (Springfield),61,Webb City,68
2025-03-07,Parkview,72,Carl Junction,48
2025-03-07,Raytown,60,St. Michael the Archangel,58
2025-03-07,Summit Christian Academy,45,Grandview,32
2025-03-07,Winnetonka,68,Lincoln College Prep,40
2025-03-07,Kearney,56,Pembroke Hill,70
2025-03-07,Lindbergh,51,SLUH,52
2025-03-07,Seckman,58,Jackson,56
2025-03-07,Marquette,52,Eureka,50
2025-03-07,Lafayette (Wildwood),57,Kirkwood,51
2025-03-07,De Smet Jesuit,75,Hazelwood Central,52
2025-03-07,Chaminade College Prep,67,Christian Brothers College,52
2025-03-07,Timberland,68,St. Dominic,50
2025-03-07,Liberty (Wentzville),47,Ft. Zumwalt North,54
2025-03-07,Nixa,72,Glendale,57
2025-03-07,Kickapoo,46,Republic,32
2025-03-07,Rockhurst,46,Lee's Summit West,41
2025-03-07,Raymore-Peculiar,60,St. Charles,44
2025-03-07,Battle,61,Hickman,46
2025-03-07,Blue Springs South,50,Rock Bridge,40
2025-03-07,Oak Park,79,Park Hill,52
2025-03-07,North Kansas City,69,Staley,66
2025-03-10,Potosi,49,Dexter,45
2025-03-10,Clayton,64,Owensville,47
2025-03-10,MICDS,33,Waynesville,75
2025-03-10,Mexico,55,Orchard Farm,49
2025-03-10,Winona,44,Father Tolton,59
2025-03-10,Aurora,51,Logan-Rogersville,73
2025-03-10,Center,45,Nevada,36
2025-03-10,Benton,67,St. Pius X (Kansas City),38
2025-03-10,Farmington,69,Sikeston,95
2025-03-10,Webster Groves,76,Vianney,70
2025-03-10,John Burroughs,46,Westminster Christian Academy,50
2025-03-10,Holt,55,McCluer North,64
2025-03-10,Rolla,55,Helias Catholic,60
2025-03-10,Parkview,52,Webb City,40
2025-03-10,Raytown,36,Summit Christian Academy,53
2025-03-10,Winnetonka,53,Pembroke Hill,61
2025-03-10,Seckman,45,SLUH,54
2025-03-10,Marquette,65,Lafayette (Wildwood),76
2025-03-10,De Smet Jesuit,76,Chaminade College Prep,82
2025-03-10,Timberland,45,Ft. Zumwalt North,49
2025-03-10,Nixa,56,Kickapoo,53
2025-03-10,Rockhurst,60,Raymore-Peculiar,42
2025-03-10,Battle,48,Blue Springs South,71
2025-03-10,Oak Park,59,North Kansas City,52
2025-03-12,Canton,65,Puxico,50
2025-03-12,Lincoln,33,Eugene,67
2025-03-12,Principia,85,Woodland,50
2025-03-12,KIPP KC Legacy,56,Thayer,49
2025-03-13,Eugene,72,Canton,61
2025-03-13,Lincoln,38,Puxico,61
2025-03-13,KIPP KC Legacy,56,Principia,76
2025-03-13,Thayer,68,Woodland,61
2025-03-14,Wheatland,30,Chadwick,60
2025-03-14,Braymer,63,Van-Far,78
2025-03-14,Logan-Rogersville,59,Father Tolton,50
2025-03-14,Benton,36,Center,32
2025-03-14,McCluer North,40,Westminster Christian Academy,48
2025-03-14,Parkview,63,Helias Catholic,50
2025-03-14,Pembroke Hill,55,Summit Christian Academy,57
2025-03-14,Rockhurst,49,Nixa,58
2025-03-14,Oak Park,68,Blue Springs South,50
2025-03-15,Van-Far,53,Chadwick,72
2025-03-15,Braymer,53,Wheatland,57
2025-03-15,Clayton,63,Potosi,78
2025-03-15,Mexico,54,Waynesville,64
2025-03-15,Webster Groves,71,Sikeston,70
2025-03-15,Lafayette (Wildwood),70,SLUH,64
2025-03-15,Ft. Zumwalt North,54,Chaminade College Prep,76
2025-03-19,Westminster Christian Academy,50,Webster Groves,66
2025-03-19,Summit Christian Academy,69,Parkview,60
2025-03-19,Chaminade College Prep,72,Lafayette (Wildwood),42
2025-03-19,Oak Park,61,Nixa,50
2025-03-20,Summit Christian Academy,56,Webster Groves,67
2025-03-20,Parkview,49,Westminster Christian Academy,51
2025-03-20,Oak Park,68,Chaminade College Prep,60
2025-03-20,Nixa,56,Lafayette (Wildwood),33
2025-03-21,Waynesville,90,Potosi,30
2025-03-21,Benton,61,Logan-Rogersville,53
2025-03-22,Benton,45,Waynesville,81
2025-03-22,Logan-Rogersville,54,Potosi,36
